Exchange,Symbol,Shortname,Longname,Sector,Industry,Currentprice,Marketcap,Ebitda,Revenuegrowth,City,State,Country,Fulltimeemployees,Weight
NMS,NVDA,NVIDIA Corporation,NVIDIA Corporation,Technology,Semiconductors,135.58,3.34E+12,49274998784,2.621,Santa Clara,CA,United States,29600,0.065291937
NMS,MSFT,Microsoft Corporation,Microsoft Corporation,Technology,Software - Infrastructure,446.34,3.32E+12,1.26E+11,0.17,Redmond,WA,United States,221000,0.064945404
NMS,AAPL,Apple Inc.,Apple Inc.,Technology,Consumer Electronics,214.29,3.29E+12,1.30E+11,-0.043,Cupertino,CA,United States,150000,0.064330805
NMS,GOOGL,Alphabet Inc.,Alphabet Inc.,Communication Services,Internet Content & Information,175.09,2.17E+12,1.10E+11,0.154,Mountain View,CA,United States,180895,0.042510663
NMS,GOOG,Alphabet Inc.,Alphabet Inc.,Communication Services,Internet Content & Information,176.45,2.17E+12,1.10E+11,0.154,Mountain View,CA,United States,180895,0.042510614
NMS,AMZN,"Amazon.com, Inc.","Amazon.com, Inc.",Consumer Cyclical,Internet Retail,182.81,1.90E+12,96609001472,0.125,Seattle,WA,United States,1525000,0.037244969
NMS,META,"Meta Platforms, Inc.","Meta Platforms, Inc.",Communication Services,Internet Content & Information,499.49,1.27E+12,68446998528,0.273,Menlo Park,CA,United States,69329,0.024804221
NYQ,BRK-B,Berkshire Hathaway Inc. New,Berkshire Hathaway Inc.,Financial Services,Insurance - Diversified,407.95,8.81E+11,1.07E+11,0.052,Omaha,NE,United States,396500,0.017246654
NYQ,LLY,Eli Lilly and Company,Eli Lilly and Company,Healthcare,Drug Manufacturers - General,891.46,8.47E+11,13373700096,0.26,Indianapolis,IN,United States,43000,0.016587059
NMS,AVGO,Broadcom Inc.,Broadcom Inc.,Technology,Semiconductors,1802.52,8.39E+11,21290999808,0.164,Palo Alto,CA,United States,20000,0.016426589
NMS,TSLA,"Tesla, Inc.","Tesla, Inc.",Consumer Cyclical,Auto Manufacturers,184.86,5.90E+11,12264999936,-0.087,Austin,TX,United States,140473,0.011542065
NYQ,JPM,JP Morgan Chase & Co.,JPMorgan Chase & Co.,Financial Services,Banks - Diversified,197,5.66E+11,,0.111,New York,NY,United States,311921,0.011075404
NYQ,V,Visa Inc.,Visa Inc.,Financial Services,Credit Services,273.62,5.60E+11,23942000640,0.099,San Francisco,CA,United States,,0.010960579
NYQ,WMT,Walmart Inc.,Walmart Inc.,Consumer Defensive,Discount Stores,67.6,5.44E+11,39749001216,0.06,Bentonville,AR,United States,2100000,0.010645173
NYQ,XOM,Exxon Mobil Corporation,Exxon Mobil Corporation,Energy,Oil & Gas Integrated,109.38,4.91E+11,67689000960,-0.035,Spring,TX,United States,62000,0.009606147
NYQ,UNH,UnitedHealth Group Incorporated,UnitedHealth Group Incorporated,Healthcare,Healthcare Plans,481.05,4.43E+11,35001999360,0.086,Minnetonka,MN,United States,440000,0.008667993
NYQ,MA,Mastercard Incorporated,Mastercard Incorporated,Financial Services,Credit Services,450.11,4.18E+11,15752999936,0.104,Purchase,NY,United States,33400,0.008191823
NYQ,PG,Procter & Gamble Company (The),The Procter & Gamble Company,Consumer Defensive,Household & Personal Products,168.56,3.98E+11,24217999360,0.006,Cincinnati,OH,United States,107000,0.007788451
NYQ,ORCL,Oracle Corporation,Oracle Corporation,Technology,Software - Infrastructure,144.64,3.98E+11,22210000896,0.033,Austin,TX,United States,,0.007782956
NMS,COST,Costco Wholesale Corporation,Costco Wholesale Corporation,Consumer Defensive,Discount Stores,870.75,3.86E+11,11242999808,0.091,Issaquah,WA,United States,316000,0.007557607
NYQ,HD,"Home Depot, Inc. (The)","The Home Depot, Inc.",Consumer Cyclical,Home Improvement Retail,353.87,3.51E+11,24508000256,-0.023,Atlanta,GA,United States,465000,0.006869818
NYQ,JNJ,Johnson & Johnson,Johnson & Johnson,Healthcare,Drug Manufacturers - General,145.65,3.51E+11,30613000192,0.023,New Brunswick,NJ,United States,131900,0.006862583
NYQ,MRK,"Merck & Company, Inc.","Merck & Co., Inc.",Healthcare,Drug Manufacturers - General,127.99,3.24E+11,21211000832,0.089,Rahway,NJ,United States,70000,0.006346546
NYQ,BAC,Bank of America Corporation,Bank of America Corporation,Financial Services,Banks - Diversified,39.99,3.13E+11,,-0.033,Charlotte,NC,United States,212000,0.006122623
NYQ,ABBV,AbbVie Inc.,AbbVie Inc.,Healthcare,Drug Manufacturers - General,171.36,3.03E+11,26115999744,0.007,North Chicago,IL,United States,50000,0.005924163
NMS,NFLX,"Netflix, Inc.","Netflix, Inc.",Communication Services,Entertainment,685.67,2.95E+11,8226065920,0.148,Los Gatos,CA,United States,13000,0.005784309
NYQ,CVX,Chevron Corporation,Chevron Corporation,Energy,Oil & Gas Integrated,153.33,2.80E+11,41230999552,-0.041,San Ramon,CA,United States,45600,0.005489745
NYQ,KO,Coca-Cola Company (The),The Coca-Cola Company,Consumer Defensive,Beverages - Non-Alcoholic,62.63,2.70E+11,14654999552,0.029,Atlanta,GA,United States,79100,0.005282176
NMS,QCOM,QUALCOMM Incorporated,QUALCOMM Incorporated,Technology,Semiconductors,227.09,2.53E+11,10837000192,0.012,San Diego,CA,United States,50000,0.004961591
NMS,AMD,"Advanced Micro Devices, Inc.","Advanced Micro Devices, Inc.",Technology,Semiconductors,154.63,2.50E+11,3836999936,0.022,Santa Clara,CA,United States,26000,0.004893023
NMS,ADBE,Adobe Inc.,Adobe Inc.,Technology,Software - Infrastructure,522.25,2.34E+11,7843999744,0.102,San Jose,CA,United States,29945,0.004580525
NMS,PEP,"Pepsico, Inc.","PepsiCo, Inc.",Consumer Defensive,Beverages - Non-Alcoholic,166.48,2.29E+11,16384000000,0.023,Purchase,NY,United States,318000,0.004480817
NYQ,CRM,"Salesforce, Inc.","Salesforce, Inc.",Technology,Software - Application,231.81,2.25E+11,9201999872,0.107,San Francisco,CA,United States,72682,0.00439759
NYQ,TMO,Thermo Fisher Scientific Inc,Thermo Fisher Scientific Inc.,Healthcare,Diagnostics & Research,569.17,2.17E+11,10778000384,-0.034,Waltham,MA,United States,122000,0.004253448
NMS,LIN,Linde plc,Linde plc,Basic Materials,Specialty Chemicals,440.02,2.12E+11,12202000384,-0.011,Woking,,United Kingdom,66195,0.004141139
NMS,TMUS,"T-Mobile US, Inc.","T-Mobile US, Inc.",Communication Services,Telecom Services,177.61,2.09E+11,29251000320,-0.002,Bellevue,WA,United States,67000,0.004086095
NYQ,WFC,Wells Fargo & Company,Wells Fargo & Company,Financial Services,Banks - Diversified,59.05,2.06E+11,,0.021,San Francisco,CA,United States,224824,0.00403038
NMS,AMAT,"Applied Materials, Inc.","Applied Materials, Inc.",Technology,Semiconductor Equipment & Materials,247.83,2.05E+11,8104999936,0.002,Santa Clara,CA,United States,34800,0.00401726
NYQ,DHR,Danaher Corporation,Danaher Corporation,Healthcare,Diagnostics & Research,257.51,1.91E+11,7416999936,-0.026,Washington,DC,United States,61000,0.003734114
NMS,CSCO,"Cisco Systems, Inc.","Cisco Systems, Inc.",Technology,Communication Equipment,45.97,1.85E+11,16684000256,-0.128,San Jose,CA,United States,84900,0.003625852
NYQ,DIS,Walt Disney Company (The),The Walt Disney Company,Communication Services,Entertainment,101.5,1.85E+11,16149999616,0.012,Burbank,CA,United States,173250,0.003622605
NYQ,ABT,Abbott Laboratories,Abbott Laboratories,Healthcare,Medical Devices,103.99,1.81E+11,10368000000,0.022,North Chicago,IL,United States,114000,0.003541663
NYQ,MCD,McDonald's Corporation,McDonald's Corporation,Consumer Cyclical,Restaurants,250.79,1.81E+11,13809500160,0.046,Chicago,IL,United States,100000,0.003538447
NYQ,GE,GE Aerospace,General Electric Company,Industrials,Aerospace & Defense,164.97,1.81E+11,8482999808,0.108,Evendale,OH,United States,125000,0.003535275
NYQ,ACN,Accenture plc,Accenture plc,Technology,Information Technology Services,285.35,1.79E+11,11277210624,-0.001,Dublin,,Ireland,742000,0.00351237
NMS,TXN,Texas Instruments Incorporated,Texas Instruments Incorporated,Technology,Semiconductors,196.25,1.79E+11,7800000000,-0.164,Dallas,TX,United States,34000,0.003498161
NMS,INTU,Intuit Inc.,Intuit Inc.,Technology,Software - Application,609.68,1.71E+11,4423000064,0.41,Mountain View,CA,United States,18200,0.003339863
NMS,MU,"Micron Technology, Inc.","Micron Technology, Inc.",Technology,Semiconductors,153.45,1.70E+11,3663000064,0.577,Boise,ID,United States,43000,0.003326737
NYQ,VZ,Verizon Communications Inc.,Verizon Communications Inc.,Communication Services,Telecom Services,40.08,1.69E+11,48027000832,0.002,New York,NY,United States,104400,0.003302868
NYQ,AXP,American Express Company,American Express Company,Financial Services,Credit Services,229.31,1.65E+11,,0.099,New York,NY,United States,74600,0.00322919
NMS,AMGN,Amgen Inc.,Amgen Inc.,Healthcare,Drug Manufacturers - General,305.99,1.64E+11,11658000384,0.22,Thousand Oaks,CA,United States,26700,0.003213536
NYQ,CAT,"Caterpillar, Inc.",Caterpillar Inc.,Industrials,Farm & Heavy Construction Machinery,325.14,1.59E+11,15932000256,-0.004,Irving,TX,United States,113200,0.003113043
NYQ,MS,Morgan Stanley,Morgan Stanley,Financial Services,Capital Markets,97.57,1.59E+11,,0.06,New York,NY,United States,80000,0.003104354
NYQ,PM,Philip Morris International Inc,Philip Morris International Inc.,Consumer Defensive,Tobacco,101.24,1.57E+11,14023999488,0.097,Stamford,CT,United States,82700,0.00308119
NYQ,IBM,International Business Machines,International Business Machines Corporation,Technology,Information Technology Services,170.55,1.57E+11,14380000256,0.015,Armonk,NY,United States,282200,0.003067174
NYQ,PFE,"Pfizer, Inc.",Pfizer Inc.,Healthcare,Drug Manufacturers - General,27.41,1.55E+11,9621000192,-0.195,New York,NY,United States,88000,0.003040813
NMS,ISRG,"Intuitive Surgical, Inc.","Intuitive Surgical, Inc.",Healthcare,Medical Instruments & Supplies,435,1.54E+11,2267399936,0.115,Sunnyvale,CA,United States,13676,0.003020763
NYQ,NOW,"ServiceNow, Inc.","ServiceNow, Inc.",Technology,Software - Application,730.17,1.50E+11,1516000000,0.242,Santa Clara,CA,United States,22668,0.002935926
NYQ,BX,Blackstone Inc.,Blackstone Inc.,Financial Services,Asset Management,122.9,1.49E+11,,1.737,New York,NY,United States,4735,0.002909075
NYQ,GS,"Goldman Sachs Group, Inc. (The)","The Goldman Sachs Group, Inc.",Financial Services,Capital Markets,457.43,1.48E+11,,0.121,New York,NY,United States,44400,0.002887775
NYQ,UBER,"Uber Technologies, Inc.","Uber Technologies, Inc.",Technology,Software - Application,70.33,1.47E+11,2353999872,0.148,San Francisco,CA,United States,30700,0.00287704
NMS,CMCSA,Comcast Corporation,Comcast Corporation,Communication Services,Telecom Services,36.9,1.45E+11,37586001920,0.012,Philadelphia,PA,United States,186000,0.002834479
NYQ,NEE,"NextEra Energy, Inc.","NextEra Energy, Inc.",Utilities,Utilities - Regulated Electric,70.44,1.45E+11,15312000000,-0.147,Juno Beach,FL,United States,16800,0.002833288
NYQ,NKE,"Nike, Inc.","NIKE, Inc.",Consumer Cyclical,Footwear & Accessories,94.78,1.43E+11,6862000128,0.003,Beaverton,OR,United States,83700,0.002800711
NMS,LRCX,Lam Research Corporation,Lam Research Corporation,Technology,Semiconductor Equipment & Materials,1089.58,1.42E+11,4423145984,-0.02,Fremont,CA,United States,17200,0.002788879
NYQ,RTX,RTX Corporation,RTX Corporation,Industrials,Aerospace & Defense,104.77,1.39E+11,9345999872,0.121,Arlington,VA,United States,185000,0.002727014
NMS,HON,Honeywell International Inc.,Honeywell International Inc.,Industrials,Conglomerates,212.87,1.39E+11,8920999936,0.027,Charlotte,NC,United States,95000,0.002713803
NYQ,SPGI,S&P Global Inc.,S&P Global Inc.,Financial Services,Financial Data & Stock Exchanges,435.85,1.36E+11,6012000256,0.105,New York,NY,United States,40450,0.00266994
NYQ,UNP,Union Pacific Corporation,Union Pacific Corporation,Industrials,Railroads,222.58,1.36E+11,11553000448,-0.004,Omaha,NE,United States,31052,0.002658653
NMS,BKNG,Booking Holdings Inc. Common St,Booking Holdings Inc.,Consumer Cyclical,Travel Services,3973.18,1.35E+11,6808000000,0.169,Norwalk,CT,United States,24000,0.002639058
NYQ,SCHW,Charles Schwab Corporation (The,The Charles Schwab Corporation,Financial Services,Capital Markets,72.84,1.33E+11,,-0.074,Westlake,TX,United States,32600,0.002607026
NYQ,SYK,Stryker Corporation,Stryker Corporation,Healthcare,Medical Devices,348.67,1.33E+11,5438000128,0.097,Portage,MI,United States,52000,0.002600408
NYQ,ETN,"Eaton Corporation, PLC",Eaton Corporation plc,Industrials,Specialty Industrial Machinery,327.59,1.31E+11,5049999872,0.084,Dublin,,Ireland,94000,0.002564674
NMS,INTC,Intel Corporation,Intel Corporation,Technology,Semiconductors,30.63,1.30E+11,10501000192,0.086,Santa Clara,CA,United States,130700,0.002552679
NYQ,LOW,"Lowe's Companies, Inc.","Lowe's Companies, Inc.",Consumer Cyclical,Home Improvement Retail,227.77,1.30E+11,12764000256,-0.044,Mooresville,NC,United States,300000,0.002540999
NYQ,T,AT&T Inc.,AT&T Inc.,Communication Services,Telecom Services,18.05,1.29E+11,42146000896,-0.004,Dallas,TX,United States,148290,0.00253376
NYQ,COP,ConocoPhillips,ConocoPhillips,Energy,Oil & Gas E&P,109.41,1.27E+11,24287000576,-0.068,Houston,TX,United States,10000,0.002493931
NYQ,TJX,"TJX Companies, Inc. (The)","The TJX Companies, Inc.",Consumer Cyclical,Apparel Retail,110.26,1.25E+11,6961999872,0.059,Framingham,MA,United States,349000,0.002439568
NYQ,PGR,Progressive Corporation (The),The Progressive Corporation,Financial Services,Insurance - Property & Casualty,210.75,1.23E+11,7865299968,0.206,Mayfield,OH,United States,61432,0.002416442
NYQ,ELV,"Elevance Health, Inc.","Elevance Health, Inc.",Healthcare,Healthcare Plans,527.31,1.23E+11,11152000000,0.01,Indianapolis,IN,United States,104900,0.002399355
NMS,VRTX,Vertex Pharmaceuticals Incorpor,Vertex Pharmaceuticals Incorporated,Healthcare,Biotechnology,467.28,1.21E+11,4583699968,0.133,Boston,MA,United States,5400,0.002360722
NMS,ADI,"Analog Devices, Inc.","Analog Devices, Inc.",Technology,Semiconductors,235.38,1.17E+11,4868165120,-0.338,Wilmington,MA,United States,26000,0.002286652
NYQ,BLK,"BlackRock, Inc.","BlackRock, Inc.",Financial Services,Asset Management,783.65,1.16E+11,7055000064,0.114,New York,NY,United States,19300,0.002279816
NMS,KLAC,KLA Corporation,KLA Corporation,Technology,Semiconductor Equipment & Materials,863.31,1.16E+11,3885220096,-0.03,Milpitas,CA,United States,15000,0.00227562
NYQ,C,"Citigroup, Inc.",Citigroup Inc.,Financial Services,Banks - Diversified,60.78,1.16E+11,,-0.053,New York,NY,United States,237000,0.00226971
NYQ,UPS,"United Parcel Service, Inc.","United Parcel Service, Inc.",Industrials,Integrated Freight & Logistics,134.2,1.15E+11,12366999552,-0.053,Atlanta,GA,United States,500000,0.002247819
NMS,REGN,"Regeneron Pharmaceuticals, Inc.","Regeneron Pharmaceuticals, Inc.",Healthcare,Biotechnology,1039.11,1.14E+11,4424500224,-0.005,Tarrytown,NY,United States,13677,0.002241541
NYQ,BSX,Boston Scientific Corporation,Boston Scientific Corporation,Healthcare,Medical Devices,76.31,1.12E+11,3742000128,0.138,Marlborough,MA,United States,48000,0.002196397
NYQ,LMT,Lockheed Martin Corporation,Lockheed Martin Corporation,Industrials,Aerospace & Defense,460,1.10E+11,10154000384,0.137,Bethesda,MD,United States,122000,0.002160805
NYQ,BA,Boeing Company (The),The Boeing Company,Industrials,Aerospace & Defense,174.99,1.07E+11,2675000064,-0.075,Arlington,VA,United States,171000,0.002103093
NYQ,CB,Chubb Limited,Chubb Limited,Financial Services,Insurance - Property & Casualty,263.03,1.07E+11,10547000320,0.192,Zurich,,Switzerland,40000,0.002091006
NYQ,ANET,"Arista Networks, Inc.","Arista Networks, Inc.",Technology,Computer Hardware,340.34,1.07E+11,2502341888,0.163,Santa Clara,CA,United States,4023,0.002087947
NYQ,DE,Deere & Company,Deere & Company,Industrials,Farm & Heavy Construction Machinery,382.76,1.05E+11,15472000000,-0.124,Moline,IL,United States,83000,0.002064987
NYQ,MMC,"Marsh & McLennan Companies, Inc","Marsh & McLennan Companies, Inc.",Financial Services,Insurance Brokers,212.72,1.05E+11,6865999872,0.093,New York,NY,United States,85000,0.002051969
NYQ,MDT,Medtronic plc.,Medtronic plc,Healthcare,Medical Devices,79.75,1.05E+11,9107000320,0.005,Dublin,,Ireland,95000,0.00204741
NMS,PANW,"Palo Alto Networks, Inc.","Palo Alto Networks, Inc.",Technology,Software - Infrastructure,317.02,1.03E+11,1076499968,0.153,Santa Clara,CA,United States,15166,0.002009659
NYQ,PLD,"Prologis, Inc.","Prologis, Inc.",Real Estate,REIT - Industrial,110.05,1.02E+11,5995949056,0.1,San Francisco,CA,United States,2574,0.001994742
NMS,ADP,"Automatic Data Processing, Inc.","Automatic Data Processing, Inc.",Industrials,Staffing & Employment Services,244.41,1.00E+11,5487200256,0.066,Roseland,NJ,United States,63000,0.001958439
NYQ,CI,The Cigna Group,The Cigna Group,Healthcare,Healthcare Plans,334.8,95107964928,9216000000,0.193,Bloomfield,CT,United States,70325,0.001861983
NMS,SNPS,"Synopsys, Inc.","Synopsys, Inc.",Technology,Software - Infrastructure,620.31,95041413120,1623436032,0.152,Sunnyvale,CA,United States,20300,0.00186068
NYQ,CMG,"Chipotle Mexican Grill, Inc.","Chipotle Mexican Grill, Inc.",Consumer Cyclical,Restaurants,3427.61,94147198976,1993038976,0.141,Newport Beach,CA,United States,120000,0.001843173
NMS,ABNB,"Airbnb, Inc.","Airbnb, Inc.",Consumer Cyclical,Travel Services,147.29,93506174976,1658000000,0.178,San Francisco,CA,United States,6907,0.001830624
NMS,SBUX,Starbucks Corporation,Starbucks Corporation,Consumer Cyclical,Restaurants,80.2,90842537984,7116299776,-0.018,Seattle,WA,United States,381000,0.001778476
NYQ,AMT,American Tower Corporation (REI,American Tower Corporation,Real Estate,REIT - Specialty,192.78,90023444480,7003500032,0.024,Boston,MA,United States,5643,0.00176244
NYQ,HCA,"HCA Healthcare, Inc.","HCA Healthcare, Inc.",Healthcare,Medical Care Facilities,340.64,89218392064,12869000192,0.112,Nashville,TN,United States,220000,0.001746679
NMS,CDNS,"Cadence Design Systems, Inc.","Cadence Design Systems, Inc.",Technology,Software - Application,326.5,88946114560,1358658944,-0.012,San Jose,CA,United States,11200,0.001741349
NMS,MDLZ,"Mondelez International, Inc.","Mondelez International, Inc.",Consumer Defensive,Confectioners,66.17,88757788672,8421000192,0.014,Chicago,IL,United States,91000,0.001737662
NYQ,FI,"Fiserv, Inc.","Fiserv, Inc.",Technology,Information Technology Services,149.49,88014184448,8200000000,0.074,Milwaukee,WI,United States,42000,0.001723104
NYQ,SO,Southern Company (The),The Southern Company,Utilities,Utilities - Regulated Electric,77.94,85221941248,11923999744,0.026,Atlanta,GA,United States,27819,0.001668439
NYQ,APH,Amphenol Corporation,Amphenol Corporation,Technology,Electronic Components,69.73,83760373760,3095399936,0.095,Wallingford,CT,United States,95000,0.001639825
NYQ,WM,"Waste Management, Inc.","Waste Management, Inc.",Industrials,Waste Management,207.89,83381149696,6092000256,0.055,Houston,TX,United States,48000,0.0016324
NYQ,BMY,Bristol-Myers Squibb Company,Bristol-Myers Squibb Company,Healthcare,Drug Manufacturers - General,40.81,82725953536,18172000256,0.047,Princeton,NJ,United States,34100,0.001619573
NYQ,GD,General Dynamics Corporation,General Dynamics Corporation,Industrials,Aerospace & Defense,298,81760468992,4790000128,0.086,Reston,VA,United States,111600,0.001600671
NYQ,CL,Colgate-Palmolive Company,Colgate-Palmolive Company,Consumer Defensive,Household & Personal Products,97.01,79590981632,4704000000,0.062,New York,NY,United States,34000,0.001558198
NMS,GILD,"Gilead Sciences, Inc.","Gilead Sciences, Inc.",Healthcare,Drug Manufacturers - General,63.15,78675427328,12664999936,0.053,Foster City,CA,United States,18000,0.001540274
NYQ,MCK,McKesson Corporation,McKesson Corporation,Healthcare,Medical Distribution,602.93,78372454400,5106999808,0.108,Irving,TX,United States,45000,0.001534342
NYQ,ICE,Intercontinental Exchange Inc.,"Intercontinental Exchange, Inc.",Financial Services,Financial Data & Stock Exchanges,136.38,78225530880,5126000128,0.208,Atlanta,GA,United States,13226,0.001531466
NYQ,TT,Trane Technologies plc,Trane Technologies plc,Industrials,Building Products & Equipment,345.38,78177452032,3325199872,0.15,Swords,,Ireland,40000,0.001530525
NYQ,ZTS,Zoetis Inc.,Zoetis Inc.,Healthcare,Drug Manufacturers - Specialty & Generic,169.66,77415014400,3567000064,0.095,Parsippany,NJ,United States,14100,0.001515598
NYQ,DUK,Duke Energy Corporation (Holdin,Duke Energy Corporation,Utilities,Utilities - Regulated Electric,100.03,77200056320,13756000256,0.054,Charlotte,NC,United States,27037,0.00151139
NYQ,MO,"Altria Group, Inc.","Altria Group, Inc.",Consumer Defensive,Tobacco,44.8,76949823488,12305999872,-0.01,Richmond,VA,United States,6400,0.001506491
NYQ,MCO,Moody's Corporation,Moody's Corporation,Financial Services,Financial Data & Stock Exchanges,420.08,76710379520,2855000064,0.215,New York,NY,United States,15439,0.001501803
NYQ,CVS,CVS Health Corporation,CVS Health Corporation,Healthcare,Healthcare Plans,61.01,76590120960,16924000256,0.036,Woonsocket,RI,United States,219000,0.001499449
NYQ,SHW,Sherwin-Williams Company (The),The Sherwin-Williams Company,Basic Materials,Specialty Chemicals,300.19,76112871424,4261900032,-0.014,Cleveland,OH,United States,64088,0.001490105
NYQ,TDG,Transdigm Group Incorporated,TransDigm Group Incorporated,Industrials,Aerospace & Defense,1339.48,74955292672,3604000000,0.205,Cleveland,OH,United States,15500,0.001467443
NMS,EQIX,"Equinix, Inc.","Equinix, Inc.",Real Estate,REIT - Specialty,773.84,73441828864,2913906944,0.065,Redwood City,CA,United States,13354,0.001437813
NMS,CTAS,Cintas Corporation,Cintas Corporation,Industrials,Specialty Business Services,711.01,72141209600,2299568896,0.099,Cincinnati,OH,United States,44500,0.00141235
NYQ,ITW,Illinois Tool Works Inc.,Illinois Tool Works Inc.,Industrials,Specialty Industrial Machinery,240.49,71762214912,4621000192,-0.011,Glenview,IL,United States,45000,0.00140493
NMS,CME,CME Group Inc.,CME Group Inc.,Financial Services,Financial Data & Stock Exchanges,196.53,70763569152,3853400064,0.032,Chicago,IL,United States,3565,0.001385379
NMS,CEG,Constellation Energy Corporatio,Constellation Energy Corporation,Utilities,Utilities - Renewable,220.41,69480947712,5007000064,-0.186,Baltimore,MD,United States,13871,0.001360268
NYQ,ECL,Ecolab Inc.,Ecolab Inc.,Basic Materials,Specialty Chemicals,243.29,69476319232,3275200000,0.178,Saint Paul,MN,United States,48000,0.001360178
NMS,MAR,Marriott International,"Marriott International, Inc.",Consumer Cyclical,Lodging,243.05,69420433408,4204999936,0.052,Bethesda,MD,United States,411000,0.001359083
NMS,NXPI,NXP Semiconductors N.V.,NXP Semiconductors N.V.,Technology,Semiconductors,271.4,69392637952,4800999936,0.002,Eindhoven,,Netherlands,34200,0.001358539
NYQ,EOG,"EOG Resources, Inc.","EOG Resources, Inc.",Energy,Oil & Gas E&P,119.5,68677959680,13205000192,0.047,Houston,TX,United States,3050,0.001344548
NYQ,FCX,"Freeport-McMoRan, Inc.",Freeport-McMoRan Inc.,Basic Materials,Copper,47.69,68506206208,8686999552,0.173,Phoenix,AZ,United States,27200,0.001341185
NYQ,BDX,"Becton, Dickinson and Company","Becton, Dickinson and Company",Healthcare,Medical Instruments & Supplies,233.73,67549376512,5070000128,0.046,Franklin Lakes,NJ,United States,70000,0.001322453
NYQ,TGT,Target Corporation,Target Corporation,Consumer Defensive,Discount Stores,142.54,65944272896,8723000320,-0.031,Minneapolis,MN,United States,415000,0.001291029
NYQ,PH,Parker-Hannifin Corporation,Parker-Hannifin Corporation,Industrials,Specialty Industrial Machinery,506.83,65148432384,5061196800,0.003,Cleveland,OH,United States,62730,0.001275448
NYQ,AON,Aon plc,Aon plc,Financial Services,Insurance Brokers,297.75,64740081664,4407000064,0.051,Dublin,,Ireland,50000,0.001267454
NMS,CSX,CSX Corporation,CSX Corporation,Industrials,Railroads,33.03,64571338752,7134000128,-0.007,Jacksonville,FL,United States,23400,0.00126415
NYQ,MSI,"Motorola Solutions, Inc.","Motorola Solutions, Inc.",Technology,Communication Equipment,383.6,63979495424,2936999936,0.1,Chicago,IL,United States,21000,0.001252563
NYQ,SLB,Schlumberger N.V.,Schlumberger Limited,Energy,Oil & Gas Equipment & Services,44.44,63519870976,7495000064,0.126,Houston,TX,United States,111000,0.001243565
NYQ,NOC,Northrop Grumman Corporation,Northrop Grumman Corporation,Industrials,Aerospace & Defense,425.83,63082455040,4144000000,0.089,Falls Church,VA,United States,101000,0.001235001
NMS,ORLY,"O'Reilly Automotive, Inc.","O'Reilly Automotive, Inc.",Consumer Cyclical,Specialty Retail,1056.65,62230450176,3649373952,0.072,Springfield,MO,United States,90601,0.001218321
NYQ,EMR,Emerson Electric Company,Emerson Electric Co.,Industrials,Specialty Industrial Machinery,108.68,62175825920,4657999872,0.165,Saint Louis,MO,United States,67000,0.001217252
NYQ,WELL,Welltower Inc.,Welltower Inc.,Real Estate,REIT - Healthcare Facilities,103.94,62147395584,2718713088,0.192,Toledo,OH,United States,533,0.001216695
NMS,PYPL,"PayPal Holdings, Inc.","PayPal Holdings, Inc.",Financial Services,Credit Services,59.12,61842472960,5658999808,0.094,San Jose,CA,United States,27200,0.001210725
NYQ,PNC,"PNC Financial Services Group, I","The PNC Financial Services Group, Inc.",Financial Services,Banks - Regional,154.48,61468672000,,-0.07,Pittsburgh,PA,United States,54441,0.001203407
NYQ,USB,U.S. Bancorp,U.S. Bancorp,Financial Services,Banks - Regional,39.29,61310476288,,-0.087,Minneapolis,MN,United States,70000,0.00120031
NYQ,APD,"Air Products and Chemicals, Inc","Air Products and Chemicals, Inc.",Basic Materials,Specialty Chemicals,274.7,61067460608,4115099904,-0.084,Allentown,PA,United States,23000,0.001195553
NYQ,FDX,FedEx Corporation,FedEx Corporation,Industrials,Integrated Freight & Logistics,248.09,61050232832,11262999552,0.139,Memphis,TN,United States,328000,0.001195215
NYQ,MPC,Marathon Petroleum Corporation,Marathon Petroleum Corporation,Energy,Oil & Gas Refining & Marketing,172.45,60759306240,14600999936,-0.056,Findlay,OH,United States,18200,0.00118952
NYQ,RSG,"Republic Services, Inc.","Republic Services, Inc.",Industrials,Waste Management,191.85,60419706880,4505500160,0.078,Phoenix,AZ,United States,41000,0.001182871
NMS,ROP,"Roper Technologies, Inc.","Roper Technologies, Inc.",Technology,Software - Application,560.1,59955900416,2591200000,0.144,Sarasota,FL,United States,16800,0.001173791
NYQ,CARR,Carrier Global Corporation,Carrier Global Corporation,Industrials,Building Products & Equipment,65.72,59214508032,3048999936,0.172,Palm Beach Gardens,FL,United States,53000,0.001159276
NYQ,PSX,Phillips 66,Phillips 66,Energy,Oil & Gas Refining & Marketing,135.85,57593880576,8584999936,0.041,Houston,TX,United States,14000,0.001127548
NYQ,AJG,Arthur J. Gallagher & Co.,Arthur J. Gallagher & Co.,Financial Services,Insurance Brokers,261.87,57222782976,3180400128,0.199,Rolling Meadows,IL,United States,49821,0.001120283
NMS,PCAR,PACCAR Inc.,PACCAR Inc,Industrials,Farm & Heavy Construction Machinery,107.7,56450412544,6449099776,0.032,Bellevue,WA,United States,32400,0.001105162
NYQ,MMM,3M Company,3M Company,Industrials,Conglomerates,100.77,55762190336,8145999872,-0.003,Saint Paul,MN,United States,85000,0.001091688
NYQ,SPG,"Simon Property Group, Inc.","Simon Property Group, Inc.",Real Estate,REIT - Retail,146.92,55063851008,4181314048,0.068,Indianapolis,IN,United States,2500,0.001078016
NYQ,OXY,Occidental Petroleum Corporatio,Occidental Petroleum Corporation,Energy,Oil & Gas E&P,61.26,54315380736,12197999616,-0.173,Houston,TX,United States,12570,0.001063363
NYQ,GM,General Motors Company,General Motors Company,Consumer Cyclical,Auto Manufacturers,47.44,54100099072,16880000000,0.076,Detroit,MI,United States,163000,0.001059149
NYQ,HLT,Hilton Worldwide Holdings Inc.,Hilton Worldwide Holdings Inc.,Consumer Cyclical,Lodging,216,54009937920,2440000000,0.124,McLean,VA,United States,178000,0.001057383
NMS,SMCI,"Super Micro Computer, Inc.","Super Micro Computer, Inc.",Technology,Computer Hardware,920.01,53872566272,1187188992,2,San Jose,CA,United States,5126,0.001054694
NYQ,EW,Edwards Lifesciences Corporatio,Edwards Lifesciences Corporation,Healthcare,Medical Devices,88.52,53342150656,1920099968,0.095,Irvine,CA,United States,19800,0.00104431
NMS,CPRT,"Copart, Inc.","Copart, Inc.",Industrials,Specialty Business Services,54.86,52791668736,1780914944,0.103,Dallas,TX,United States,12000,0.001033533
NMS,ADSK,"Autodesk, Inc.","Autodesk, Inc.",Technology,Software - Application,244.12,52610052096,1308999936,0.117,San Francisco,CA,United States,14100,0.001029977
NYQ,COF,Capital One Financial Corporati,Capital One Financial Corporation,Financial Services,Credit Services,137.34,52453163008,,0.1,McLean,VA,United States,51300,0.001026906
NYQ,PSA,Public Storage,Public Storage,Real Estate,REIT - Industrial,291.45,51215052800,3326534912,0.057,Glendale,CA,United States,6200,0.001002666
NMS,MRNA,"Moderna, Inc.","Moderna, Inc.",Healthcare,Biotechnology,133.27,51074396160,-4560000000,-0.91,Cambridge,MA,United States,5600,0.000999913
NYQ,WMB,"Williams Companies, Inc. (The)","The Williams Companies, Inc.",Energy,Oil & Gas Midstream,41.81,50955935744,5981000192,0.08,Tulsa,OK,United States,5601,0.000997593
NYQ,AZO,"AutoZone, Inc.","AutoZone, Inc.",Consumer Cyclical,Specialty Retail,2968.75,50714562560,4247429120,0.035,Memphis,TN,United States,71400,0.000992868
NYQ,AFL,AFLAC Incorporated,Aflac Incorporated,Financial Services,Insurance - Life,88.99,50566074368,6321500160,0.133,Columbus,GA,United States,12785,0.000989961
NMS,MCHP,Microchip Technology Incorporat,Microchip Technology Incorporated,Technology,Semiconductors,93.45,50171998208,3438200064,-0.406,Chandler,AZ,United States,22300,0.000982246
NYQ,NSC,Norfolk Southern Corporation,Norfolk Southern Corporation,Industrials,Railroads,221.94,50139353088,4888000000,-0.041,Atlanta,GA,United States,20700,0.000981607
NYQ,MET,"MetLife, Inc.","MetLife, Inc.",Financial Services,Insurance - Life,69.86,49679052800,4718000128,0.043,New York,NY,United States,45000,0.000972595
NMS,ROST,"Ross Stores, Inc.","Ross Stores, Inc.",Consumer Cyclical,Apparel Retail,148.69,49650860032,2872156928,0.081,Dublin,CA,United States,108000,0.000972043
NYQ,DLR,"Digital Realty Trust, Inc.","Digital Realty Trust, Inc.",Real Estate,REIT - Specialty,149.56,49517817856,2357018112,-0.028,Austin,TX,United States,3664,0.000969439
NYQ,VLO,Valero Energy Corporation,Valero Energy Corporation,Energy,Oil & Gas Refining & Marketing,149.94,49398337536,12328999936,-0.133,San Antonio,TX,United States,9886,0.000967099
NYQ,GEV,GE Vernova Inc.,GE Vernova Inc.,Utilities,Utilities - Renewable,179.57,49217626112,755000000,0.064,Cambridge,MA,United States,80000,0.000963562
NYQ,AIG,"American International Group, I","American International Group, Inc.",Financial Services,Insurance - Diversified,74.13,49197703168,11047000064,0.154,New York,NY,United States,25000,0.000963172
NYQ,TFC,Truist Financial Corporation,Truist Financial Corporation,Financial Services,Banks - Regional,36.57,48934313984,,-0.098,Charlotte,NC,United States,49218,0.000958015
NYQ,STZ,"Constellation Brands, Inc.","Constellation Brands, Inc.",Consumer Defensive,Beverages - Wineries & Distilleries,263.65,48241623040,3617499904,0.071,Victor,NY,United States,10600,0.000944454
NYQ,NEM,Newmont Corporation,Newmont Corporation,Basic Materials,Gold,41.79,48189718528,3724000000,0.502,Denver,CO,United States,21700,0.000943438
NYQ,TRV,"The Travelers Companies, Inc.","The Travelers Companies, Inc.",Financial Services,Insurance - Property & Casualty,208.51,47747325952,4912999936,0.157,New York,NY,United States,32967,0.000934777
NMS,MNST,Monster Beverage Corporation,Monster Beverage Corporation,Consumer Defensive,Beverages - Non-Alcoholic,48.42,47714664448,2141847040,0.118,Corona,CA,United States,5254,0.000934137
NYQ,KMB,Kimberly-Clark Corporation,Kimberly-Clark Corporation,Consumer Defensive,Household & Personal Products,141.67,47701561344,3758000128,-0.009,Dallas,TX,United States,41000,0.000933881
NYQ,SRE,DBA Sempra,Sempra,Utilities,Utilities - Diversified,75.1,47526735872,5212000256,-0.445,San Diego,CA,United States,16835,0.000930458
NYQ,F,Ford Motor Company,Ford Motor Company,Consumer Cyclical,Auto Manufacturers,11.78,46809358336,11079999488,0.031,Dearborn,MI,United States,177000,0.000916414
NMS,KDP,Keurig Dr Pepper Inc.,Keurig Dr Pepper Inc.,Consumer Defensive,Beverages - Non-Alcoholic,34.49,46753611776,4110000128,0.034,Burlington,MA,United States,28100,0.000915322
NYQ,OKE,"ONEOK, Inc.","ONEOK, Inc.",Energy,Oil & Gas Midstream,80.06,46726774784,4657999872,0.058,Tulsa,OK,United States,4775,0.000914797
NYQ,COR,"Cencora, Inc.","Cencora, Inc.",Healthcare,Medical Distribution,237.2,46711558144,3939255040,0.078,Conshohocken,PA,United States,46000,0.000914499
NYQ,JCI,Johnson Controls International ,Johnson Controls International plc,Industrials,Building Products & Equipment,69.1,46551011328,2963000064,0.002,Cork,,Ireland,100000,0.000911356
NYQ,PCG,Pacific Gas & Electric Co.,PG&E Corporation,Utilities,Utilities - Regulated Electric,17.78,46492921856,7750000128,-0.056,Oakland,CA,United States,28010,0.000910218
NMS,DXCM,"DexCom, Inc.","DexCom, Inc.",Healthcare,Medical Devices,116.64,46385860608,848499968,0.242,San Diego,CA,United States,9500,0.000908122
NYQ,TEL,TE Connectivity Ltd. New Switze,TE Connectivity Ltd.,Technology,Electronic Components,151.18,46295547904,3616999936,-0.046,Schaffhausen,,Switzerland,85000,0.000906354
NYQ,O,Realty Income Corporation,Realty Income Corporation,Real Estate,REIT - Retail,53.1,46238097408,3907810048,0.333,San Diego,CA,United States,418,0.00090523
NMS,AEP,American Electric Power Company,"American Electric Power Company, Inc.",Utilities,Utilities - Regulated Electric,87.55,46149529600,7336699904,0.071,Columbus,OH,United States,16800,0.000903496
NYQ,DHI,"D.R. Horton, Inc.","D.R. Horton, Inc.",Consumer Cyclical,Residential Construction,139.4,45906092032,6520999936,0.142,Arlington,TX,United States,13450,0.00089873
NYQ,GWW,"W.W. Grainger, Inc.","W.W. Grainger, Inc.",Industrials,Industrial Distribution,924.49,45423153152,2817999872,0.035,Lake Forest,IL,United States,23200,0.000889275
NMS,FTNT,"Fortinet, Inc.","Fortinet, Inc.",Technology,Software - Infrastructure,59.15,45186932736,1398800000,0.072,Sunnyvale,CA,United States,13522,0.00088465
NMS,PAYX,"Paychex, Inc.","Paychex, Inc.",Industrials,Staffing & Employment Services,125.46,45160960000,2320600064,0.042,Rochester,NY,United States,16000,0.000884142
NYQ,HES,Hess Corporation,Hess Corporation,Energy,Oil & Gas E&P,143.33,44161691648,5944000000,0.377,New York,NY,United States,1756,0.000864579
NYQ,BK,The Bank of New York Mellon Cor,The Bank of New York Mellon Corporation,Financial Services,Asset Management,58.68,43881844736,,0.026,New York,NY,United States,52100,0.0008591
NYQ,KMI,"Kinder Morgan, Inc.","Kinder Morgan, Inc.",Energy,Oil & Gas Midstream,19.74,43810562048,6458999808,-0.012,Houston,TX,United States,10891,0.000857704
NYQ,AMP,"Ameriprise Financial, Inc.","Ameriprise Financial, Inc.",Financial Services,Asset Management,437.07,43411931136,,0.125,Minneapolis,MN,United States,13800,0.0008499
NYQ,URI,"United Rentals, Inc.","United Rentals, Inc.",Industrials,Rental & Leasing Services,644.89,43317456896,4467999744,0.061,Stamford,CT,United States,26650,0.000848051
NYQ,FIS,Fidelity National Information S,"Fidelity National Information Services, Inc.",Technology,Information Technology Services,77.05,42859143168,3395000064,0.029,Jacksonville,FL,United States,60000,0.000839078
NYQ,ALL,Allstate Corporation (The),The Allstate Corporation,Financial Services,Insurance - Property & Casualty,160.06,42242236416,2723000064,0.107,Northbrook,IL,United States,53000,0.000827
NYQ,LHX,"L3Harris Technologies, Inc.","L3Harris Technologies, Inc.",Industrials,Aerospace & Defense,222.45,42194317312,3640000000,0.166,Melbourne,FL,United States,50000,0.000826062
NYQ,HUM,Humana Inc.,Humana Inc.,Healthcare,Healthcare Plans,349.55,42121121792,4472000000,0.107,Louisville,KY,United States,67600,0.000824629
NMS,IDXX,"IDEXX Laboratories, Inc.","IDEXX Laboratories, Inc.",Healthcare,Diagnostics & Research,503.6,41590964224,1232167936,0.071,Westbrook,ME,United States,11000,0.00081425
NYQ,PRU,"Prudential Financial, Inc.","Prudential Financial, Inc.",Financial Services,Insurance - Life,115.67,41534320640,3179333376,0.379,Newark,NJ,United States,40366,0.000813141
NMS,MPWR,"Monolithic Power Systems, Inc.","Monolithic Power Systems, Inc.",Technology,Semiconductors,852.56,41495801856,491779008,0.015,Kirkland,WA,United States,3564,0.000812387
NYQ,CCI,Crown Castle Inc.,Crown Castle Inc.,Real Estate,REIT - Specialty,95.34,41427423232,4132000000,-0.074,Houston,TX,United States,4700,0.000811048
NYQ,D,"Dominion Energy, Inc.","Dominion Energy, Inc.",Utilities,Utilities - Regulated Electric,49.42,41424388096,6768000000,-0.065,Richmond,VA,United States,17700,0.000810989
NYQ,PWR,"Quanta Services, Inc.","Quanta Services, Inc.",Industrials,Engineering & Construction,281.2,41164308480,1749758976,0.136,Houston,TX,United States,52500,0.000805897
NYQ,LEN,Lennar Corporation,Lennar Corporation,Consumer Cyclical,Residential Construction,148.72,40993034240,5819091968,0.09,Miami,FL,United States,12284,0.000802544
NMS,CHTR,"Charter Communications, Inc.","Charter Communications, Inc.",Communication Services,Telecom Services,277.62,39985606656,21126000640,0.002,Stamford,CT,United States,101100,0.000782821
NYQ,EL,"Estee Lauder Companies, Inc. (T",The Est√©e Lauder Companies Inc.,Consumer Defensive,Household & Personal Products,110.79,39725305856,2076000000,0.05,New York,NY,United States,44020,0.000777725
NMS,KHC,The Kraft Heinz Company,The Kraft Heinz Company,Consumer Defensive,Packaged Foods,32.67,39671181312,6449999872,-0.012,Pittsburgh,PA,United States,36000,0.000776665
NYQ,AME,"AMETEK, Inc.","AMETEK, Inc.",Industrials,Specialty Industrial Machinery,170.9,39558221824,2073826048,0.087,Berwyn,PA,United States,21500,0.000774454
NYQ,A,"Agilent Technologies, Inc.","Agilent Technologies, Inc.",Healthcare,Diagnostics & Research,134.9,39358554112,1612000000,-0.084,Santa Clara,CA,United States,17600,0.000770545
NMS,LULU,lululemon athletica inc.,Lululemon Athletica Inc.,Consumer Cyclical,Apparel Retail,313.23,39154376704,2629432064,0.104,Vancouver,BC,Canada,38000,0.000766548
NYQ,OTIS,Otis Worldwide Corporation,Otis Worldwide Corporation,Industrials,Specialty Industrial Machinery,96.5,39017168896,2496999936,0.027,Farmington,CT,United States,71000,0.000763861
NYQ,DOW,Dow Inc.,Dow Inc.,Basic Materials,Chemicals,55.44,38985740288,5087000064,-0.092,Midland,MI,United States,35900,0.000763246
NYQ,RCL,Royal Caribbean Cruises Ltd.,Royal Caribbean Cruises Ltd.,Consumer Cyclical,Travel Services,151.48,38983225344,4854000128,0.292,Miami,FL,United States,98100,0.000763197
NYQ,IQV,"IQVIA Holdings, Inc.",IQVIA Holdings Inc.,Healthcare,Diagnostics & Research,212.83,38777626624,2764999936,0.023,Durham,NC,United States,87000,0.000759172
NMS,VRSK,"Verisk Analytics, Inc.","Verisk Analytics, Inc.",Industrials,Consulting Services,268.8,38351040512,1276099968,0.08,Jersey City,NJ,United States,7500,0.00075082
NYQ,IR,Ingersoll Rand Inc.,Ingersoll Rand Inc.,Industrials,Specialty Industrial Machinery,94.58,38176743424,1758400000,0.025,Davidson,NC,United States,18000,0.000747408
NYQ,YUM,"Yum! Brands, Inc.","Yum! Brands, Inc.",Consumer Cyclical,Restaurants,135.42,38138605568,2569999872,-0.029,Louisville,KY,United States,35000,0.000746661
NMS,ACGL,Arch Capital Group Ltd.,Arch Capital Group Ltd.,Financial Services,Insurance - Diversified,100.8,37849796608,4060000000,0.244,Pembroke,,Bermuda,6400,0.000741007
NYQ,KR,Kroger Company (The),The Kroger Co.,Consumer Defensive,Grocery Stores,51.98,37820387328,8152999936,-0.006,Cincinnati,OH,United States,414000,0.000740431
NYQ,MSCI,MSCI Inc.,MSCI Inc.,Financial Services,Financial Data & Stock Exchanges,476.52,37751914496,1514051968,0.148,New York,NY,United States,5858,0.000739091
NMS,ODFL,"Old Dominion Freight Line, Inc.","Old Dominion Freight Line, Inc.",Industrials,Trucking,173.3,37655490560,1977081984,0.012,Thomasville,NC,United States,22891,0.000737203
NYQ,GIS,"General Mills, Inc.","General Mills, Inc.",Consumer Defensive,Packaged Foods,66.66,37632839680,4295699968,-0.005,Minneapolis,MN,United States,34000,0.00073676
NYQ,CMI,Cummins Inc.,Cummins Inc.,Industrials,Specialty Industrial Machinery,273.79,37448998912,4373000192,-0.006,Columbus,IN,United States,75500,0.00073316
NYQ,NUE,Nucor Corporation,Nucor Corporation,Basic Materials,Steel,155.63,37314162688,7003897856,-0.066,Charlotte,NC,United States,32000,0.000730521
NMS,FAST,Fastenal Company,Fastenal Company,Industrials,Industrial Distribution,64.95,37186924544,1701400064,0.019,Winona,MN,United States,20935,0.00072803
NYQ,HSY,The Hershey Company,The Hershey Company,Consumer Defensive,Confectioners,182.73,36953300992,3236617984,0.089,Hershey,PA,United States,18650,0.000723456
NMS,EA,Electronic Arts Inc.,Electronic Arts Inc.,Communication Services,Electronic Gaming & Multimedia,138.13,36705976320,1982000000,-0.051,Redwood City,CA,United States,13700,0.000718614
NYQ,PEG,Public Service Enterprise Group,Public Service Enterprise Group Incorporated,Utilities,Utilities - Regulated Electric,73.29,36504285184,3841999872,-0.265,Newark,NJ,United States,12543,0.000714665
NYQ,SYY,Sysco Corporation,Sysco Corporation,Consumer Defensive,Food Distribution,72.68,36193333248,3787415040,0.027,Houston,TX,United States,72000,0.000708578
NYQ,CTVA,"Corteva, Inc.","Corteva, Inc.",Basic Materials,Agricultural Inputs,51.89,36166082560,3007000064,-0.08,Indianapolis,IN,United States,22500,0.000708044
NYQ,HPQ,HP Inc.,HP Inc.,Technology,Computer Hardware,36.75,35962081280,5130999808,-0.008,Palo Alto,CA,United States,58000,0.00070405
NMS,GEHC,GE HealthCare Technologies Inc.,GE HealthCare Technologies Inc.,Healthcare,Health Information Services,78.27,35727511552,3519000064,-0.012,Chicago,IL,United States,51000,0.000699458
NYQ,KVUE,Kenvue Inc.,Kenvue Inc.,Consumer Defensive,Household & Personal Products,18.52,35462283264,3598000128,0.011,Skillman,NJ,United States,22000,0.000694265
NYQ,CNC,Centene Corporation,Centene Corporation,Healthcare,Healthcare Plans,66.39,35429421056,6133000192,0.044,Saint Louis,MO,United States,59900,0.000693622
NYQ,FICO,Fair Isaac Corproation,Fair Isaac Corporation,Technology,Software - Application,1421.8,35133960192,700952000,0.141,Bozeman,MT,United States,3550,0.000687838
NYQ,EXR,Extra Space Storage Inc,Extra Space Storage Inc.,Real Estate,REIT - Industrial,159.28,35114389504,1987847936,0.587,Salt Lake City,UT,United States,7618,0.000687454
NMS,EXC,Exelon Corporation,Exelon Corporation,Utilities,Utilities - Regulated Electric,34.89,34891046912,6841999872,0.086,Chicago,IL,United States,19962,0.000683082
NYQ,IT,"Gartner, Inc.","Gartner, Inc.",Technology,Information Technology Services,446.3,34646491136,1272969984,0.045,Stamford,CT,United States,20290,0.000678294
NYQ,GLW,Corning Incorporated,Corning Incorporated,Technology,Electronic Components,40.21,34444648448,2649999872,-0.064,Corning,NY,United States,49800,0.000674343
NYQ,MLM,"Martin Marietta Materials, Inc.","Martin Marietta Materials, Inc.",Basic Materials,Building Materials,558.62,34433449984,2033500032,-0.076,Raleigh,NC,United States,9400,0.000674123
NYQ,XYL,Xylem Inc.,Xylem Inc.,Industrials,Specialty Industrial Machinery,140.37,34032285696,1440999936,0.404,Washington,DC,United States,23000,0.000666269
NMS,NDAQ,"Nasdaq, Inc.","Nasdaq, Inc.",Financial Services,Financial Data & Stock Exchanges,58.99,34009681920,2262000128,0.092,New York,NY,United States,8568,0.000665827
NYQ,VMC,Vulcan Materials Company (Holdi,Vulcan Materials Company,Basic Materials,Building Materials,255.61,33804933120,1988199936,-0.063,Birmingham,AL,United States,10961,0.000661818
NYQ,DD,"DuPont de Nemours, Inc.","DuPont de Nemours, Inc.",Basic Materials,Specialty Chemicals,80.72,33749354496,2836999936,-0.029,Wilmington,DE,United States,24000,0.00066073
NMS,FANG,"Diamondback Energy, Inc.","Diamondback Energy, Inc.",Energy,Oil & Gas E&P,188.87,33683830784,6344000000,0.174,Midland,TX,United States,1023,0.000659448
NYQ,LVS,Las Vegas Sands Corp.,Las Vegas Sands Corp.,Consumer Cyclical,Resorts & Casinos,44.3,33005580288,3935000064,0.396,Las Vegas,NV,United States,38400,0.000646169
NYQ,HWM,Howmet Aerospace Inc.,Howmet Aerospace Inc.,Industrials,Aerospace & Defense,80.2,32736276480,1534000000,0.138,Pittsburgh,PA,United States,23200,0.000640897
NMS,CTSH,Cognizant Technology Solutions ,Cognizant Technology Solutions Corporation,Technology,Information Technology Services,65.81,32720664576,3422000128,-0.011,Teaneck,NJ,United States,344400,0.000640591
NMS,BIIB,Biogen Inc.,Biogen Inc.,Healthcare,Drug Manufacturers - General,223.65,32562765824,2519800064,-0.07,Cambridge,MA,United States,7570,0.0006375
NMS,BKR,Baker Hughes Company,Baker Hughes Company,Energy,Oil & Gas Equipment & Services,32.14,32284950528,3895000064,0.123,Houston,TX,United States,57000,0.000632061
NYQ,DAL,"Delta Air Lines, Inc.","Delta Air Lines, Inc.",Industrials,Airlines,49.58,31994619904,8181000192,0.078,Atlanta,GA,United States,103000,0.000626377
NYQ,DFS,Discover Financial Services,Discover Financial Services,Financial Services,Credit Services,126.93,31808532480,,0.028,Riverwoods,IL,United States,21100,0.000622734
NYQ,MTD,"Mettler-Toledo International, I",Mettler-Toledo International Inc.,Healthcare,Diagnostics & Research,1481.07,31631802368,1165122944,-0.003,Columbus,OH,United States,16000,0.000619274
NMS,TSCO,Tractor Supply Company,Tractor Supply Company,Consumer Cyclical,Specialty Retail,289.98,31262744576,1897705984,0.029,Brentwood,TN,United States,50000,0.000612049
NYQ,ED,"Consolidated Edison, Inc.","Consolidated Edison, Inc.",Utilities,Utilities - Regulated Electric,90.39,31260026880,5257999872,-0.028,New York,NY,United States,14592,0.000611995
NYQ,RMD,ResMed Inc.,ResMed Inc.,Healthcare,Medical Instruments & Supplies,212.27,31183951872,1441419008,0.072,San Diego,CA,United States,,0.000610506
NYQ,LYB,LyondellBasell Industries NV,LyondellBasell Industries N.V.,Basic Materials,Specialty Chemicals,95.38,31057827840,4658999808,-0.031,Houston,TX,United States,20000,0.000608037
NMS,CDW,CDW Corporation,CDW Corporation,Technology,Information Technology Services,230.55,30985459712,2004999936,-0.045,Vernon Hills,IL,United States,11400,0.00060662
NYQ,GRMN,Garmin Ltd.,Garmin Ltd.,Technology,Scientific & Technical Instruments,160.72,30870775808,1372569984,0.204,Schaffhausen,,Switzerland,19900,0.000604375
NYQ,VST,Vistra Corp.,Vistra Corp.,Utilities,Utilities - Independent Power Producers,87.58,30430547968,3668000000,-0.31,Irving,TX,United States,4870,0.000595756
NMS,ON,ON Semiconductor Corporation,ON Semiconductor Corporation,Technology,Semiconductors,70.73,30430310400,3137600000,-0.05,Scottsdale,AZ,United States,30000,0.000595752
NYQ,HIG,Hartford Financial Services Gro,"The Hartford Financial Services Group, Inc.",Financial Services,Insurance - Property & Casualty,102.51,30317846528,3988000000,0.086,Hartford,CT,United States,18700,0.00059355
NYQ,PPG,"PPG Industries, Inc.","PPG Industries, Inc.",Basic Materials,Specialty Chemicals,127.86,29983170560,2808999936,-0.016,Pittsburgh,PA,United States,50000,0.000586998
NYQ,EFX,"Equifax, Inc.",Equifax Inc.,Industrials,Consulting Services,241.8,29889140736,1620000000,0.067,Atlanta,GA,United States,15000,0.000585157
NMS,CSGP,"CoStar Group, Inc.","CoStar Group, Inc.",Real Estate,Real Estate Services,72.73,29710569472,282500000,0.123,Washington,DC,United States,6152,0.000581661
NYQ,ROK,"Rockwell Automation, Inc.","Rockwell Automation, Inc.",Industrials,Specialty Industrial Machinery,260.31,29676120064,1827900032,-0.066,Milwaukee,WI,United States,29000,0.000580986
NYQ,ADM,Archer-Daniels-Midland Company,Archer-Daniels-Midland Company,Consumer Defensive,Farm Products,59.91,29621780480,4518000128,-0.092,Chicago,IL,United States,40213,0.000579923
NMS,XEL,Xcel Energy Inc.,Xcel Energy Inc.,Utilities,Utilities - Regulated Electric,53.12,29515542528,5310000128,-0.106,Minneapolis,MN,United States,11311,0.000577843
NYQ,VICI,VICI Properties Inc.,VICI Properties Inc.,Real Estate,REIT - Diversified,28.11,29323790336,3415539968,0.083,New York,NY,United States,28,0.000574089
NYQ,HAL,Halliburton Company,Halliburton Company,Energy,Oil & Gas Equipment & Services,32.94,29161814016,5112999936,0.022,Houston,TX,United States,49000,0.000570917
NYQ,DVN,Devon Energy Corporation,Devon Energy Corporation,Energy,Oil & Gas E&P,45.65,28850800640,7139999744,-0.005,Oklahoma City,OK,United States,1900,0.000564829
NYQ,AVB,"AvalonBay Communities, Inc.","AvalonBay Communities, Inc.",Real Estate,REIT - Residential,202.4,28778444800,1744550016,0.065,Arlington,VA,United States,2978,0.000563412
NYQ,WAB,Westinghouse Air Brake Technolo,Westinghouse Air Brake Technologies Corporation,Industrials,Railroads,163.05,28759572480,1932999936,0.138,Pittsburgh,PA,United States,29000,0.000563043
NYQ,HPE,Hewlett Packard Enterprise Comp,Hewlett Packard Enterprise Company,Technology,Communication Equipment,21.84,28384792576,4893000192,0.033,Spring,TX,United States,62000,0.000555705
NMS,ANSS,"ANSYS, Inc.","ANSYS, Inc.",Technology,Software - Application,325.13,28383848448,677694976,-0.084,Canonsburg,PA,United States,6200,0.000555687
NMS,FSLR,"First Solar, Inc.","First Solar, Inc.",Technology,Solar,262.37,28084346880,1439703040,0.448,Tempe,AZ,United States,6700,0.000549823
NYQ,DG,Dollar General Corporation,Dollar General Corporation,Consumer Defensive,Discount Stores,126.59,27836508160,3137417984,0.061,Goodlettsville,TN,United States,185800,0.000544971
NYQ,EIX,Edison International,Edison International,Utilities,Utilities - Regulated Electric,71.48,27502145536,6122999808,0.028,Rosemead,CA,United States,13003,0.000538425
NMS,EBAY,eBay Inc.,eBay Inc.,Consumer Cyclical,Internet Retail,54.55,27384098816,2584000000,0.018,San Jose,CA,United States,12300,0.000536114
NYQ,TRGP,"Targa Resources, Inc.",Targa Resources Corp.,Energy,Oil & Gas Midstream,123.44,27368747008,3780100096,0.009,Houston,TX,United States,3182,0.000535814
NYQ,CBRE,CBRE Group Inc,"CBRE Group, Inc.",Real Estate,Real Estate Services,88.67,27206082560,1937400064,0.071,Dallas,TX,United States,130000,0.000532629
NMS,TTWO,"Take-Two Interactive Software, ","Take-Two Interactive Software, Inc.",Communication Services,Electronic Gaming & Multimedia,155.37,27190370304,507500000,-0.032,New York,NY,United States,12371,0.000532321
NYQ,CHD,"Church & Dwight Company, Inc.","Church & Dwight Co., Inc.",Consumer Defensive,Household & Personal Products,109.91,26875525120,1272499968,0.051,Ewing,NJ,United States,5550,0.000526158
NMS,NTAP,"NetApp, Inc.","NetApp, Inc.",Technology,Computer Hardware,128.71,26488776704,1488999936,0.055,San Jose,CA,United States,11800,0.000518586
NYQ,BRO,"Brown & Brown, Inc.","Brown & Brown, Inc.",Financial Services,Insurance Brokers,92.41,26359861248,1449299968,0.118,Daytona Beach,FL,United States,16152,0.000516062
NMS,TROW,"T. Rowe Price Group, Inc.","T. Rowe Price Group, Inc.",Financial Services,Asset Management,117.57,26253381632,2543800064,0.138,Baltimore,MD,United States,7878,0.000513977
NMS,WDC,Western Digital Corporation,Western Digital Corporation,Technology,Computer Hardware,80.23,26197100544,-396000000,,San Jose,CA,United States,53000,0.000512876
NMS,WTW,Willis Towers Watson Public Lim,Willis Towers Watson Public Limited Company,Financial Services,Insurance Brokers,255.48,26119251968,2480999936,0.043,London,,United Kingdom,48000,0.000511352
NYQ,IRM,Iron Mountain Incorporated (Del,Iron Mountain Incorporated,Real Estate,REIT - Specialty,88.7,26000896000,1886422016,0.124,Portsmouth,NH,United States,27000,0.000509034
NYQ,FTV,Fortive Corporation,Fortive Corporation,Technology,Scientific & Technical Instruments,73.31,25807245312,1610300032,0.044,Everett,WA,United States,18000,0.000505243
NYQ,EQR,Equity Residential,Equity Residential,Real Estate,REIT - Residential,67.82,25701881856,1789629056,0.036,Chicago,IL,United States,2400,0.00050318
NYQ,DECK,Deckers Outdoor Corporation,Deckers Outdoor Corporation,Consumer Cyclical,Footwear & Accessories,1008.39,25655963648,994280000,0.212,Goleta,CA,United States,4800,0.000502281
NYQ,AWK,"American Water Works Company, I","American Water Works Company, Inc.",Utilities,Utilities - Regulated Water,130.47,25418557440,2287000064,0.078,Camden,NJ,United States,6500,0.000497634
NYQ,CAH,"Cardinal Health, Inc.","Cardinal Health, Inc.",Healthcare,Medical Distribution,104.09,25352888320,2783000064,0.088,Dublin,OH,United States,47040,0.000496348
NYQ,DOV,Dover Corporation,Dover Corporation,Industrials,Specialty Industrial Machinery,182.79,25120829440,1728628992,0.007,Downers Grove,IL,United States,25000,0.000491805
NYQ,VLTO,Veralto Corp,Veralto Corporation,Industrials,Pollution & Treatment Controls,101.22,24985853952,1240000000,0.017,Waltham,MA,United States,16000,0.000489162
NYQ,RJF,"Raymond James Financial, Inc.","Raymond James Financial, Inc.",Financial Services,Capital Markets,118.96,24657670144,,0.078,Saint Petersburg,FL,United States,18000,0.000482737
NYQ,WEC,"WEC Energy Group, Inc.","WEC Energy Group, Inc.",Utilities,Utilities - Regulated Electric,78.05,24649986048,3611599872,-0.072,Milwaukee,WI,United States,7000,0.000482587
NMS,FITB,Fifth Third Bancorp,Fifth Third Bancorp,Financial Services,Banks - Regional,35.98,24611938304,,-0.024,Cincinnati,OH,United States,18657,0.000481842
NYQ,IFF,International Flavors & Fragran,International Flavors & Fragrances Inc.,Basic Materials,Specialty Chemicals,96.14,24549445632,1775000064,-0.042,New York,NY,United States,21500,0.000480619
NYQ,MTB,M&T Bank Corporation,M&T Bank Corporation,Financial Services,Banks - Regional,146.82,24497506304,,-0.098,Buffalo,NY,United States,21927,0.000479602
NYQ,ROL,"Rollins, Inc.","Rollins, Inc.",Consumer Cyclical,Personal Services,49.75,24105617408,716265984,0.137,Atlanta,GA,United States,19000,0.000471929
NYQ,KEYS,Keysight Technologies Inc.,"Keysight Technologies, Inc.",Technology,Scientific & Technical Instruments,136.1,23754760192,1338000000,-0.125,Santa Rosa,CA,United States,15400,0.000465061
NMS,TER,"Teradyne, Inc.","Teradyne, Inc.",Technology,Semiconductor Equipment & Materials,151.75,23689996288,615169984,-0.029,North Reading,MA,United States,6600,0.000463793
NYQ,NVR,"NVR, Inc.","NVR, Inc.",Consumer Cyclical,Residential Construction,7539.76,23617316864,2008887040,0.074,Reston,VA,United States,6300,0.00046237
NYQ,WST,"West Pharmaceutical Services, I","West Pharmaceutical Services, Inc.",Healthcare,Medical Instruments & Supplies,322.07,23577264128,809600000,-0.03,Exton,PA,United States,10600,0.000461586
NYQ,BR,"Broadridge Financial Solutions,","Broadridge Financial Solutions, Inc.",Technology,Information Technology Services,199.24,23546183680,1490899968,0.049,Lake Success,NY,United States,14000,0.000460977
NYQ,GPN,Global Payments Inc.,Global Payments Inc.,Industrials,Specialty Business Services,92.21,23536603136,4171791872,0.056,Atlanta,GA,United States,27000,0.00046079
NYQ,PHM,"PulteGroup, Inc.","PulteGroup, Inc.",Consumer Cyclical,Residential Construction,111.14,23377410048,3625106944,0.104,Atlanta,GA,United States,6382,0.000457673
NMS,DLTR,"Dollar Tree, Inc.","Dollar Tree, Inc.",Consumer Defensive,Discount Stores,107.24,23050594304,2645400064,0.042,Chesapeake,VA,United States,65894,0.000451275
NYQ,DTE,DTE Energy Company,DTE Energy Company,Utilities,Utilities - Regulated Electric,110.57,22881024000,3284000000,-0.143,Detroit,MI,United States,9608,0.000447955
NYQ,ETR,Entergy Corporation,Entergy Corporation,Utilities,Utilities - Regulated Electric,106.05,22645598208,4676027904,-0.063,New Orleans,LA,United States,12000,0.000443346
NMS,STX,Seagate Technology Holdings PLC,Seagate Technology Holdings plc,Technology,Computer Hardware,105.99,22256732160,422000000,-0.11,Dublin,,Ireland,33400,0.000435733
NMS,AXON,"Axon Enterprise, Inc.","Axon Enterprise, Inc.",Industrials,Aerospace & Defense,293.52,22151131136,194274000,0.343,Scottsdale,AZ,United States,3330,0.000433665
NYQ,FE,FirstEnergy Corp.,FirstEnergy Corp.,Utilities,Utilities - Regulated Electric,38.17,21967446016,3785999872,0.017,Akron,OH,United States,12042,0.000430069
NYQ,ZBH,"Zimmer Biomet Holdings, Inc.","Zimmer Biomet Holdings, Inc.",Healthcare,Medical Devices,106.69,21949120512,2473400064,0.032,Warsaw,IN,United States,18000,0.00042971
NYQ,INVH,Invitation Homes Inc.,Invitation Homes Inc.,Real Estate,REIT - Residential,35.73,21885911040,1376444032,0.094,Dallas,TX,United States,1555,0.000428473
NYQ,STT,State Street Corporation,State Street Corporation,Financial Services,Asset Management,72.37,21802115072,,0.018,Boston,MA,United States,45871,0.000426832
NYQ,STE,STERIS plc (Ireland),STERIS plc,Healthcare,Medical Devices,216.5,21401718784,1356076032,0.025,Mentor,OH,United States,18000,0.000418994
NYQ,LYV,"Live Nation Entertainment, Inc.","Live Nation Entertainment, Inc.",Communication Services,Entertainment,91.94,21278871552,1632494976,0.215,Beverly Hills,CA,United States,14700,0.000416589
NYQ,WY,Weyerhaeuser Company,Weyerhaeuser Company,Real Estate,REIT - Specialty,28.87,21046722560,1527000064,-0.045,Seattle,WA,United States,9300,0.000412044
NYQ,CCL,Carnival Corporation,Carnival Corporation & plc,Consumer Cyclical,Travel Services,15.95,20894498816,4792000000,0.22,Miami,FL,United States,106000,0.000409064
NYQ,HUBB,Hubbell Inc,Hubbell Incorporated,Industrials,Electrical Equipment & Parts,387.74,20816209920,1198599936,0.088,Shelton,CT,United States,18400,0.000407531
NMS,PTC,PTC Inc.,PTC Inc.,Technology,Software - Application,173.03,20719304704,607523968,0.112,Boston,MA,United States,7438,0.000405634
NYQ,PPL,PPL Corporation,PPL Corporation,Utilities,Utilities - Regulated Electric,28.04,20686258176,3184000000,-0.046,Allentown,PA,United States,6629,0.000404987
NMS,SBAC,SBA Communications Corporation,SBA Communications Corporation,Real Estate,REIT - Specialty,191.19,20542027776,1799368960,-0.026,Boca Raton,FL,United States,1787,0.000402163
NYQ,BF-B,Brown Forman Inc,Brown-Forman Corporation,Consumer Defensive,Beverages - Wineries & Distilleries,43.55,20537004032,1230000000,-0.078,Louisville,KY,United States,5700,0.000402065
NYQ,WRB,W.R. Berkley Corporation,W. R. Berkley Corporation,Financial Services,Insurance - Property & Casualty,80.17,20496422912,,0.125,Greenwich,CT,United States,8329,0.00040127
NYQ,ES,Eversource Energy (D/B/A),Eversource Energy,Utilities,Utilities - Regulated Electric,58,20430790656,3954434048,-0.122,Springfield,MA,United States,10000,0.000399985
NYQ,VTR,"Ventas, Inc.","Ventas, Inc.",Real Estate,REIT - Healthcare Facilities,50.26,20343941120,1803934976,0.107,Chicago,IL,United States,486,0.000398285
NYQ,ARE,Alexandria Real Estate Equities,"Alexandria Real Estate Equities, Inc.",Real Estate,REIT - Office,115.67,20228716544,1784144000,0.097,Pasadena,CA,United States,568,0.000396029
NYQ,BBY,"Best Buy Co., Inc.","Best Buy Co., Inc.",Consumer Cyclical,Specialty Retail,93.63,20197300224,2656999936,-0.065,Richfield,MN,United States,85000,0.000395414
NYQ,K,Kellanova,Kellanova,Consumer Defensive,Packaged Foods,58.8,20102778880,1846000000,-0.042,Chicago,IL,United States,23000,0.000393564
NYQ,TYL,"Tyler Technologies, Inc.","Tyler Technologies, Inc.",Technology,Software - Application,472.9,20077111296,345296992,0.086,Plano,TX,United States,7305,0.000393061
NYQ,CTRA,Coterra Energy Inc.,Coterra Energy Inc.,Energy,Oil & Gas E&P,26.68,19856138240,3420000000,-0.127,Houston,TX,United States,894,0.000388735
NYQ,CNP,"CenterPoint Energy, Inc (Holdin","CenterPoint Energy, Inc.",Utilities,Utilities - Regulated Electric,31,19831445504,3092000000,-0.057,Houston,TX,United States,8827,0.000388252
NMS,STLD,"Steel Dynamics, Inc.","Steel Dynamics, Inc.",Basic Materials,Steel,125,19641624576,3512157952,-0.041,Fort Wayne,IN,United States,12600,0.000384535
NYQ,TSN,"Tyson Foods, Inc.","Tyson Foods, Inc.",Consumer Defensive,Farm Products,55.16,19638337536,2278000128,-0.005,Springdale,AR,United States,139000,0.000384471
NYQ,LDOS,"Leidos Holdings, Inc.","Leidos Holdings, Inc.",Technology,Information Technology Services,143.87,19452950528,1770000000,0.075,Reston,VA,United States,47000,0.000380842
NYQ,GPC,Genuine Parts Company,Genuine Parts Company,Consumer Cyclical,Auto Parts,139.34,19409924096,2147603968,0.003,Atlanta,GA,United States,60000,0.000379999
NYQ,BALL,Ball Corporation,Ball Corporation,Consumer Cyclical,Packaging & Containers,62.26,19324133376,2048000000,-0.036,Westminster,CO,United States,16000,0.00037832
NYQ,APTV,Aptiv PLC,Aptiv PLC,Consumer Cyclical,Auto Parts,70.62,19213021184,2871000064,0.017,Dublin,,Ireland,154000,0.000376144
NYQ,ESS,"Essex Property Trust, Inc.","Essex Property Trust, Inc.",Real Estate,REIT - Residential,284.59,18916100096,1093196032,0.038,San Mateo,CA,United States,1747,0.000370331
NYQ,AEE,Ameren Corporation,Ameren Corporation,Utilities,Utilities - Regulated Electric,70.19,18717566976,3200999936,-0.124,Saint Louis,MO,United States,9372,0.000366445
NYQ,DPZ,Domino's Pizza Inc,"Domino's Pizza, Inc.",Consumer Cyclical,Restaurants,533.64,18613471232,906721024,0.031,Ann Arbor,MI,United States,6500,0.000364407
NYQ,MKC,"McCormick & Company, Incorporat","McCormick & Company, Incorporated",Consumer Defensive,Packaged Foods,68.63,18418987008,1223800064,0.024,Hunt Valley,MD,United States,13800,0.000360599
NMS,PFG,Principal Financial Group Inc,"Principal Financial Group, Inc.",Financial Services,Asset Management,78.38,18371016704,1862800000,0.438,Des Moines,IA,United States,19800,0.00035966
NYQ,TDY,Teledyne Technologies Incorpora,Teledyne Technologies Incorporated,Technology,Scientific & Technical Instruments,386.37,18322630656,1350300032,-0.024,Thousand Oaks,CA,United States,14900,0.000358713
NYQ,AVY,Avery Dennison Corporation,Avery Dennison Corporation,Consumer Cyclical,Packaging & Containers,227.04,18288842752,1335000064,0.042,Mentor,OH,United States,35000,0.000358051
NMS,ULTA,"Ulta Beauty, Inc.","Ulta Beauty, Inc.",Consumer Cyclical,Specialty Retail,382.59,18255816704,1886648064,0.035,Bolingbrook,IL,United States,20000,0.000357405
NMS,COO,"The Cooper Companies, Inc.","The Cooper Companies, Inc.",Healthcare,Medical Instruments & Supplies,91.66,18251339776,987600000,0.074,San Ramon,CA,United States,15000,0.000357317
NYQ,BLDR,"Builders FirstSource, Inc.","Builders FirstSource, Inc.",Industrials,Building Products & Equipment,149.44,18240198656,2644839936,0.002,Irving,TX,United States,29000,0.000357099
NMS,ALGN,"Align Technology, Inc.","Align Technology, Inc.",Healthcare,Medical Devices,242.2,18233227264,816784000,0.058,Tempe,AZ,United States,21670,0.000356962
NYQ,DRI,"Darden Restaurants, Inc.","Darden Restaurants, Inc.",Consumer Cyclical,Restaurants,151.96,18137794560,1724800000,0.068,Orlando,FL,United States,187384,0.000355094
NMS,HBAN,Huntington Bancshares Incorpora,Huntington Bancshares Incorporated,Financial Services,Banks - Regional,12.46,18057656320,,-0.104,Columbus,OH,United States,19719,0.000353525
NYQ,MOH,Molina Healthcare Inc,"Molina Healthcare, Inc.",Healthcare,Healthcare Plans,305.91,17921370112,1704000000,0.208,Long Beach,CA,United States,18000,0.000350857
NYQ,OMC,Omnicom Group Inc.,Omnicom Group Inc.,Communication Services,Advertising Agencies,91.16,17852227584,2458500096,0.054,New York,NY,United States,75900,0.000349503
BTS,CBOE,"Cboe Global Markets, Inc.","Cboe Global Markets, Inc.",Financial Services,Financial Data & Stock Exchanges,169.4,17813086208,1224600064,-0.031,Chicago,IL,United States,1647,0.000348737
NMS,CINF,Cincinnati Financial Corporatio,Cincinnati Financial Corporation,Financial Services,Insurance - Property & Casualty,113.67,17810837504,3120000000,0.31,Fairfield,OH,United States,5426,0.000348693
NMS,VRSN,"VeriSign, Inc.","VeriSign, Inc.",Technology,Software - Infrastructure,178.2,17748719616,1060499968,0.055,Reston,VA,United States,907,0.000347477
NYQ,CPAY,"Corpay, Inc.","Corpay, Inc.",Technology,Software - Infrastructure,252.45,17739282432,2016670976,0.038,Atlanta,GA,United States,10500,0.000347292
NYQ,J,Jacobs Solutions Inc.,Jacobs Solutions Inc.,Industrials,Engineering & Construction,141,17655033856,1403982976,0.047,Dallas,TX,United States,60000,0.000345643
NYQ,ATO,Atmos Energy Corporation,Atmos Energy Corporation,Utilities,Utilities - Regulated Gas,117,17652609024,1923928064,0.069,Dallas,TX,United States,5019,0.000345595
NYQ,CMS,CMS Energy Corporation,CMS Energy Corporation,Utilities,Utilities - Regulated Electric,58.94,17601546240,2582000128,-0.047,Jackson,MI,United States,8356,0.000344596
NYQ,EXPD,Expeditors International of Was,"Expeditors International of Washington, Inc.",Industrials,Integrated Freight & Logistics,124.53,17590112256,946400000,-0.149,Seattle,WA,United States,18403,0.000344372
NYQ,SYF,Synchrony Financial,Synchrony Financial,Financial Services,Credit Services,43.63,17519366144,,0.526,Stamford,CT,United States,20000,0.000342987
NYQ,WAT,Waters Corporation,Waters Corporation,Healthcare,Diagnostics & Research,294.4,17463719936,1009531008,-0.07,Milford,MA,United States,7900,0.000341897
NYQ,LH,Labcorp Holdings Inc.,Labcorp Holdings Inc.,Healthcare,Diagnostics & Research,206.5,17406627840,1622300032,0.046,Burlington,NC,United States,67000,0.000340779
NYQ,RF,Regions Financial Corporation,Regions Financial Corporation,Financial Services,Banks - Regional,18.98,17382395904,,0.156,Birmingham,AL,United States,20101,0.000340305
NMS,ILMN,"Illumina, Inc.","Illumina, Inc.",Healthcare,Diagnostics & Research,108.1,17220329472,345000000,-0.01,San Diego,CA,United States,10590,0.000337132
NYQ,CLX,Clorox Company (The),The Clorox Company,Consumer Defensive,Household & Personal Products,138.63,17216182272,1143000064,-0.053,Oakland,CA,United States,8100,0.000337051
NYQ,BAX,Baxter International Inc.,Baxter International Inc.,Healthcare,Medical Instruments & Supplies,33.73,17188132864,2872000000,0.022,Deerfield,IL,United States,60000,0.000336502
NMS,WBD,"Warner Bros. Discovery, Inc. - ","Warner Bros. Discovery, Inc.",Communication Services,Entertainment,6.99,17127665664,7493000192,-0.069,New York,NY,United States,35300,0.000335318
NMS,SWKS,"Skyworks Solutions, Inc.","Skyworks Solutions, Inc.",Technology,Semiconductors,106.46,17081188352,1275800064,-0.093,Irvine,CA,United States,9750,0.000334408
NYQ,LUV,Southwest Airlines Company,Southwest Airlines Co.,Industrials,Airlines,28.43,17014104064,2088999936,0.109,Dallas,TX,United States,74695,0.000333095
NMS,NTRS,Northern Trust Corporation,Northern Trust Corporation,Financial Services,Asset Management,82.9,16960676864,,-0.043,Chicago,IL,United States,23000,0.000332049
NYQ,MAA,Mid-America Apartment Communiti,"Mid-America Apartment Communities, Inc.",Real Estate,REIT - Residential,141.25,16944208896,1251140992,0.028,Germantown,TN,United States,2427,0.000331726
NYQ,L,Loews Corporation,Loews Corporation,Financial Services,Insurance - Property & Casualty,76.2,16871136256,2932000000,0.118,New York,NY,United States,12280,0.000330296
NYQ,EQT,EQT Corporation,EQT Corporation,Energy,Oil & Gas E&P,38.2,16868852736,2920306944,-0.307,Pittsburgh,PA,United States,881,0.000330251
NYQ,PKG,Packaging Corporation of Americ,Packaging Corporation of America,Consumer Cyclical,Packaging & Containers,185.88,16691652608,1555900032,0.002,Lake Forest,IL,United States,14900,0.000326782
NMS,HOLX,"Hologic, Inc.","Hologic, Inc.",Healthcare,Medical Instruments & Supplies,71.47,16679453696,1222099968,-0.008,Marlborough,MA,United States,6990,0.000326543
NYQ,NRG,"NRG Energy, Inc.","NRG Energy, Inc.",Utilities,Utilities - Independent Power Producers,79.92,16661401600,2860999936,-0.038,Houston,TX,United States,18131,0.00032619
NYQ,HRL,Hormel Foods Corporation,Hormel Foods Corporation,Consumer Defensive,Packaged Foods,30.37,16652023808,1302008960,-0.03,Austin,MN,United States,20000,0.000326006
NMS,EXPE,"Expedia Group, Inc.","Expedia Group, Inc.",Consumer Cyclical,Travel Services,124.54,16497938432,1724000000,0.084,Seattle,WA,United States,17100,0.00032299
NYQ,EG,"Everest Group, Ltd.","Everest Group, Ltd.",Financial Services,Insurance - Reinsurance,377.25,16394605568,,0.219,Hamilton,,Bermuda,2844,0.000320967
NYQ,TXT,Textron Inc.,Textron Inc.,Industrials,Aerospace & Defense,85.96,16392486912,1688000000,0.037,Providence,RI,United States,35000,0.000320925
NMS,UAL,"United Airlines Holdings, Inc.","United Airlines Holdings, Inc.",Industrials,Airlines,49.58,16302053376,7982000128,0.097,Chicago,IL,United States,104500,0.000319155
NGM,ENPH,"Enphase Energy, Inc.","Enphase Energy, Inc.",Technology,Solar,119.01,16192859136,334287008,-0.637,Fremont,CA,United States,3157,0.000317017
NYQ,IP,International Paper Company,International Paper Company,Consumer Cyclical,Packaging & Containers,46.25,16064105472,2040999936,-0.08,Memphis,TN,United States,39000,0.000314496
NMS,JBHT,"J.B. Hunt Transport Services, I","J.B. Hunt Transport Services, Inc.",Industrials,Integrated Freight & Logistics,155.6,16057453568,1655213952,-0.088,Lowell,AR,United States,34718,0.000314366
NYQ,CFG,"Citizens Financial Group, Inc.","Citizens Financial Group, Inc.",Financial Services,Banks - Regional,34.77,15821045760,,-0.088,Providence,RI,United States,17354,0.000309738
NYQ,FDS,FactSet Research Systems Inc.,FactSet Research Systems Inc.,Financial Services,Financial Data & Stock Exchanges,407.17,15519610880,796985024,0.06,Norwalk,CT,United States,12279,0.000303836
NMS,NWS,News Corporation,News Corporation,Communication Services,Entertainment,27.65,15498570752,1256000000,-0.01,New York,NY,United States,25000,0.000303424
NMS,NWSA,News Corporation,News Corporation,Communication Services,Entertainment,27.01,15498554368,1256000000,-0.01,New York,NY,United States,25000,0.000303424
NYQ,IEX,IDEX Corporation,IDEX Corporation,Industrials,Specialty Industrial Machinery,202.35,15316964352,882400000,-0.053,Northbrook,IL,United States,8800,0.000299869
NYQ,UDR,"UDR, Inc.","UDR, Inc.",Real Estate,REIT - Residential,40.63,15315804160,1003617984,0.033,Highlands Ranch,CO,United States,1397,0.000299846
NYQ,MRO,Marathon Oil Corporation,Marathon Oil Corporation,Energy,Oil & Gas E&P,27.32,15286577152,4201999872,-0.028,Houston,TX,United States,1681,0.000299274
NYQ,MAS,Masco Corporation,Masco Corporation,Industrials,Building Products & Equipment,69.39,15282731008,1523000064,-0.027,Livonia,MI,United States,18000,0.000299199
NYQ,DGX,Quest Diagnostics Incorporated,Quest Diagnostics Incorporated,Healthcare,Diagnostics & Research,137.3,15252931584,1775000064,0.015,Secaucus,NJ,United States,50000,0.000298615
NYQ,JBL,Jabil Inc.,Jabil Inc.,Technology,Electronic Components,126.23,15222960128,2356000000,-0.168,Saint Petersburg,FL,United States,236000,0.000298029
NYQ,CE,Celanese Corporation,Celanese Corporation,Basic Materials,Chemicals,139.13,15195779072,1820999936,-0.085,Irving,TX,United States,12400,0.000297496
NMS,ZBRA,Zebra Technologies Corporation,Zebra Technologies Corporation,Technology,Communication Equipment,295.25,15181578240,695000000,-0.164,Lincolnshire,IL,United States,9750,0.000297218
NMS,FOXA,Fox Corporation,Fox Corporation,Communication Services,Entertainment,33.56,15109886976,2812000000,-0.156,New York,NY,United States,10400,0.000295815
NMS,FOX,Fox Corporation,Fox Corporation,Communication Services,Entertainment,31.21,15109883904,2812000000,-0.156,New York,NY,United States,10400,0.000295815
NMS,GEN,Gen Digital Inc.,Gen Digital Inc.,Technology,Software - Infrastructure,23.56,14751998976,1776999936,0.021,Tempe,AZ,United States,3400,0.000288808
NYQ,BG,Bunge Limited,Bunge Global SA,Consumer Defensive,Farm Products,102.44,14504992768,3403000064,-0.125,Chesterfield,MO,United States,23000,0.000283973
NYQ,AMCR,Amcor plc,Amcor plc,Consumer Cyclical,Packaging & Containers,9.97,14410040320,1868999936,-0.07,Zurich,,Switzerland,41000,0.000282114
NYQ,SNA,Snap-On Incorporated,Snap-on Incorporated,Industrials,Tools & Accessories,269.31,14197618688,1447100032,0.005,Kenosha,WI,United States,13200,0.000277955
NMS,WBA,"Walgreens Boots Alliance, Inc.","Walgreens Boots Alliance, Inc.",Healthcare,Pharmaceutical Retailers,16.11,13898307584,3711000064,0.063,Deerfield,IL,United States,330000,0.000272095
NMS,PODD,Insulet Corporation,Insulet Corporation,Healthcare,Medical Devices,196.4,13755758592,339400000,0.233,Acton,MA,United States,3000,0.000269304
NYQ,DOC,"Healthpeak Properties, Inc.","Healthpeak Properties, Inc.",Real Estate,REIT - Healthcare Facilities,19.48,13709673472,1117715968,0.154,Denver,CO,United States,193,0.000268402
NYQ,CAG,"ConAgra Brands, Inc.","Conagra Brands, Inc.",Consumer Defensive,Packaged Foods,28.67,13706066944,2244199936,-0.017,Chicago,IL,United States,18600,0.000268332
NMS,TRMB,Trimble Inc.,Trimble Inc.,Technology,Scientific & Technical Instruments,55.51,13555985408,808700032,0.041,Westminster,CO,United States,12700,0.000265393
NMS,AKAM,"Akamai Technologies, Inc.","Akamai Technologies, Inc.",Technology,Software - Infrastructure,88.48,13477008384,1110920960,0.078,Cambridge,MA,United States,10250,0.000263847
NYQ,AES,The AES Corporation,The AES Corporation,Utilities,Utilities - Diversified,18.96,13474245632,3408999936,-0.048,Arlington,VA,United States,9600,0.000263793
NYQ,CF,"CF Industries Holdings, Inc.","CF Industries Holdings, Inc.",Basic Materials,Agricultural Inputs,73.55,13443616768,2665999872,-0.269,Northbrook,IL,United States,2700,0.000263193
NYQ,CPB,Campbell Soup Company,Campbell Soup Company,Consumer Defensive,Packaged Foods,44.96,13422987264,1826000000,0.063,Camden,NJ,United States,14500,0.000262789
NMS,NDSN,Nordson Corporation,Nordson Corporation,Industrials,Specialty Industrial Machinery,232.2,13297815552,816812032,0.001,Westlake,OH,United States,7700,0.000260339
NYQ,RVTY,"Revvity, Inc.","Revvity, Inc.",Healthcare,Diagnostics & Research,107.29,13238835200,789420992,-0.037,Waltham,MA,United States,11000,0.000259184
NYQ,PNR,Pentair plc.,Pentair plc,Industrials,Specialty Industrial Machinery,79.59,13213928448,904499968,-0.011,London,,United Kingdom,10500,0.000258697
NMS,POOL,Pool Corporation,Pool Corporation,Industrials,Industrial Distribution,337.89,12950919168,750433024,-0.071,Covington,LA,United States,6000,0.000253548
NYQ,SWK,"Stanley Black & Decker, Inc.","Stanley Black & Decker, Inc.",Industrials,Tools & Accessories,84.13,12945840128,1352999936,-0.016,New Britain,CT,United States,50000,0.000253448
NYQ,WRK,Westrock Company,WestRock Company,Consumer Cyclical,Packaging & Containers,49.7,12836167680,2563500032,-0.104,Atlanta,GA,United States,56100,0.000251301
NMS,HST,"Host Hotels & Resorts, Inc.","Host Hotels & Resorts, Inc.",Real Estate,REIT - Hotel & Motel,17.94,12822580224,1482000000,0.066,Bethesda,MD,United States,163,0.000251035
NYQ,KEY,KeyCorp,KeyCorp,Financial Services,Banks - Regional,13.58,12804038656,,-0.094,Cleveland,OH,United States,16752,0.000250672
NYQ,UHS,"Universal Health Services, Inc.","Universal Health Services, Inc.",Healthcare,Medical Care Facilities,190.56,12754028544,1852866048,0.108,King of Prussia,PA,United States,96700,0.000249693
NMS,LNT,Alliant Energy Corporation,Alliant Energy Corporation,Utilities,Utilities - Regulated Electric,49.62,12721525760,1616000000,-0.043,Madison,WI,United States,3281,0.000249057
NYQ,MGM,MGM Resorts International,MGM Resorts International,Consumer Cyclical,Resorts & Casinos,40.53,12713450496,2481170944,0.132,Las Vegas,NV,United States,58000,0.000248898
NYQ,KIM,Kimco Realty Corporation (HC),Kimco Realty Corporation,Real Estate,REIT - Retail,18.8,12673379328,1118957952,0.137,Jericho,NY,United States,660,0.000248114
NYQ,NI,NiSource Inc,NiSource Inc.,Utilities,Utilities - Regulated Gas,28.07,12583920640,2181400064,-0.132,Merrillville,IN,United States,7364,0.000246363
NYQ,DVA,DaVita Inc.,DaVita Inc.,Healthcare,Medical Care Facilities,142.21,12472186880,2492648960,0.069,Denver,CO,United States,70000,0.000244175
NYQ,AOS,A.O. Smith Corporation,A. O. Smith Corporation,Industrials,Specialty Industrial Machinery,84.22,12352547840,825100032,0.013,Milwaukee,WI,United States,12000,0.000241833
NYQ,LW,"Lamb Weston Holdings, Inc.","Lamb Weston Holdings, Inc.",Consumer Defensive,Packaged Foods,84.68,12227031040,1372199936,0.163,Eagle,ID,United States,10200,0.000239376
NMS,EVRG,"Evergy, Inc.","Evergy, Inc.",Utilities,Utilities - Regulated Electric,52.8,12140250112,2374500096,0.026,Kansas City,MO,United States,4658,0.000237677
NMS,INCY,Incyte Corporation,Incyte Corporation,Healthcare,Biotechnology,61.44,12104355840,801760000,0.089,Wilmington,DE,United States,2524,0.000236974
NMS,VTRS,Viatris Inc.,Viatris Inc.,Healthcare,Drug Manufacturers - Specialty & Generic,10.05,11966334976,4733400064,-0.018,Canonsburg,PA,United States,33000,0.000234272
NYQ,SJM,The J.M. Smucker Company,The J. M. Smucker Company,Consumer Defensive,Packaged Foods,112.35,11931008000,1882599936,-0.013,Orrville,OH,United States,,0.00023358
NMS,JKHY,"Jack Henry & Associates, Inc.","Jack Henry & Associates, Inc.",Technology,Information Technology Services,162.21,11825108992,562342976,0.059,Monett,MO,United States,7120,0.000231507
NYQ,BEN,"Franklin Resources, Inc.","Franklin Resources, Inc.",Financial Services,Asset Management,22.4,11786544128,1936099968,0.117,San Mateo,CA,United States,10100,0.000230752
NMS,TECH,Bio-Techne Corp,Bio-Techne Corporation,Healthcare,Biotechnology,74.54,11746385920,326299008,0.032,Minneapolis,MN,United States,3200,0.000229966
NYQ,ALB,Albemarle Corporation,Albemarle Corporation,Basic Materials,Specialty Chemicals,99.54,11698637824,-317096992,-0.473,Charlotte,NC,United States,9000,0.000229031
NYQ,CPT,Camden Property Trust,Camden Property Trust,Real Estate,REIT - Residential,109.62,11678366720,900569984,0.02,Houston,TX,United States,1640,0.000228634
NYQ,EMN,Eastman Chemical Company,Eastman Chemical Company,Basic Materials,Specialty Chemicals,99,11642301440,1546000000,-0.042,Kingsport,TN,United States,14000,0.000227928
NYQ,JNPR,"Juniper Networks, Inc.","Juniper Networks, Inc.",Technology,Communication Equipment,35.54,11550073856,660600000,-0.162,Sunnyvale,CA,United States,11144,0.000226122
NYQ,RL,Ralph Lauren Corporation,Ralph Lauren Corporation,Consumer Cyclical,Apparel Manufacturing,181.89,11369834496,1024899968,0.018,New York,NY,United States,14800,0.000222594
NMS,REG,Regency Centers Corporation,Regency Centers Corporation,Real Estate,REIT - Retail,61.16,11368359936,863614016,0.139,Jacksonville,FL,United States,492,0.000222565
NYQ,KMX,CarMax Inc,"CarMax, Inc.",Consumer Cyclical,Auto & Truck Dealerships,71.5,11248880640,995705984,-0.006,Richmond,VA,United States,29836,0.000220226
NYQ,IPG,"Interpublic Group of Companies,","The Interpublic Group of Companies, Inc.",Communication Services,Advertising Agencies,29.58,11164201984,1736800000,0.003,New York,NY,United States,56800,0.000218568
NMS,QRVO,"Qorvo, Inc.","Qorvo, Inc.",Technology,Semiconductors,114.71,10969614336,735713024,0.487,Greensboro,NC,United States,8700,0.000214758
NMS,LKQ,LKQ Corporation,LKQ Corporation,Consumer Cyclical,Auto Parts,41.01,10940483584,1723000064,0.106,Chicago,IL,United States,49000,0.000214188
NYQ,BXP,"Boston Properties, Inc.","Boston Properties, Inc.",Real Estate,REIT - Office,62.05,10934263808,1876588032,0.059,Boston,MA,United States,836,0.000214066
NYQ,CRL,Charles River Laboratories Inte,"Charles River Laboratories International, Inc.",Healthcare,Diagnostics & Research,209.8,10807154688,949580032,-0.017,Wilmington,MA,United States,20400,0.000211578
NYQ,TAP,Molson Coors Beverage Company,Molson Coors Beverage Company,Consumer Defensive,Beverages - Brewers,50.27,10672874496,2437400064,0.107,Golden,CO,United States,16500,0.000208949
NMS,APA,APA Corporation,APA Corporation,Energy,Oil & Gas E&P,28,10393375744,4942000128,-0.005,Houston,TX,United States,2271,0.000203477
NYQ,ALLE,Allegion plc,Allegion plc,Industrials,Security & Protection Services,116.61,10196460544,836300032,-0.032,Dublin,,Ireland,12200,0.000199622
NMS,CHRW,"C.H. Robinson Worldwide, Inc.","C.H. Robinson Worldwide, Inc.",Industrials,Integrated Freight & Logistics,85.67,10031527936,567868992,-0.043,Eden Prairie,MN,United States,14990,0.000196393
NMS,WYNN,"Wynn Resorts, Limited","Wynn Resorts, Limited",Consumer Cyclical,Resorts & Casinos,89.2,9996732416,1946112000,0.309,Las Vegas,NV,United States,27800,0.000195712
NYQ,CTLT,"Catalent, Inc.","Catalent, Inc.",Healthcare,Drug Manufacturers - Specialty & Generic,55.07,9966568448,355000000,0.036,Somerset,NJ,United States,18000,0.000195121
NMS,FFIV,"F5, Inc.","F5, Inc.",Technology,Software - Infrastructure,169.52,9935804416,760164992,-0.031,Seattle,WA,United States,6077,0.000194519
NYQ,EPAM,"EPAM Systems, Inc.","EPAM Systems, Inc.",Technology,Information Technology Services,170.25,9870141440,662248000,-0.038,Newtown,PA,United States,53150,0.000193233
NYQ,HII,"Huntington Ingalls Industries, ","Huntington Ingalls Industries, Inc.",Industrials,Aerospace & Defense,245.93,9697830912,1132000000,0.049,Newport News,VA,United States,44000,0.00018986
NYQ,TFX,Teleflex Incorporated,Teleflex Incorporated,Healthcare,Medical Instruments & Supplies,202.09,9518964736,629049984,0.038,Wayne,PA,United States,14500,0.000186358
NYQ,TPR,"Tapestry, Inc.","Tapestry, Inc.",Consumer Cyclical,Luxury Goods,41.01,9422990336,1439100032,-0.018,New York,NY,United States,12600,0.000184479
NYQ,BBWI,"Bath & Body Works, Inc.","Bath & Body Works, Inc.",Consumer Cyclical,Specialty Retail,41.55,9275248640,1568000000,-0.009,Columbus,OH,United States,8981,0.000181587
NYQ,SOLV,Solventum Corporation,Solventum Corporation,Healthcare,Health Information Services,53.32,9208897536,2259000064,0.002,Saint Paul,MN,United States,22000,0.000180288
NYQ,AIZ,"Assurant, Inc.","Assurant, Inc.",Financial Services,Insurance - Specialty,168.37,8752848896,1287200000,0.09,Atlanta,GA,United States,13600,0.00017136
NMS,HSIC,"Henry Schein, Inc.","Henry Schein, Inc.",Healthcare,Medical Distribution,68.28,8743322624,934000000,0.037,Melville,NY,United States,25000,0.000171173
NYQ,MOS,Mosaic Company (The),The Mosaic Company,Basic Materials,Agricultural Inputs,27.16,8729033728,2077600000,-0.257,Tampa,FL,United States,14049,0.000170893
NYQ,PNW,Pinnacle West Capital Corporati,Pinnacle West Capital Corporation,Utilities,Utilities - Regulated Electric,74.74,8487399424,1754843008,0.007,Phoenix,AZ,United States,6133,0.000166163
NMS,HAS,"Hasbro, Inc.","Hasbro, Inc.",Consumer Cyclical,Leisure,60.66,8444842496,673200000,-0.243,Pawtucket,RI,United States,5502,0.00016533
NYQ,FRT,Federal Realty Investment Trust,Federal Realty Investment Trust,Real Estate,REIT - Retail,100.99,8441138176,714089984,0.065,North Bethesda,MD,United States,297,0.000165257
NYQ,GNRC,Generac Holdlings Inc.,Generac Holdings Inc.,Industrials,Specialty Industrial Machinery,138.88,8418128384,577598016,0.002,Waukesha,WI,United States,8315,0.000164807
NYQ,PAYC,"Paycom Software, Inc.","Paycom Software, Inc.",Technology,Software - Application,141.46,8220240896,634947968,0.107,Oklahoma City,OK,United States,7308,0.000160932
NYQ,BIO,"Bio-Rad Laboratories, Inc.","Bio-Rad Laboratories, Inc.",Healthcare,Medical Devices,288.99,8215234048,502991008,-0.098,Hercules,CA,United States,8000,0.000160834
NMS,MTCH,"Match Group, Inc.","Match Group, Inc.",Communication Services,Internet Content & Information,30.47,8094903808,1021102016,0.092,Dallas,TX,United States,2600,0.000158479
NMS,CZR,"Caesars Entertainment, Inc.","Caesars Entertainment, Inc.",Consumer Cyclical,Resorts & Casinos,37.42,8084702720,3713999872,-0.031,Reno,NV,United States,51000,0.000158279
NYQ,DAY,"Dayforce, Inc.",Dayforce Inc,Technology,Software - Application,49.16,7762363904,238400000,0.164,Minneapolis,MN,United States,9084,0.000151968
NYQ,BWA,BorgWarner Inc.,BorgWarner Inc.,Consumer Cyclical,Auto Parts,33.01,7520931840,1856999936,0.063,Auburn Hills,MI,United States,39900,0.000147242
NYQ,GL,Globe Life Inc.,Globe Life Inc.,Financial Services,Insurance - Life,80.4,7418483712,1362925056,0.072,McKinney,TX,United States,3636,0.000145236
NMS,MKTX,"MarketAxess Holdings, Inc.",MarketAxess Holdings Inc.,Financial Services,Capital Markets,195.61,7413012480,384459008,0.035,New York,NY,United States,881,0.000145129
NMS,AAL,"American Airlines Group, Inc.",American Airlines Group Inc.,Industrials,Airlines,11.28,7400694784,5925000192,0.031,Fort Worth,TX,United States,132800,0.000144888
NYQ,NCLH,Norwegian Cruise Line Holdings ,Norwegian Cruise Line Holdings Ltd.,Consumer Cyclical,Travel Services,16.97,7280825344,2055860992,0.203,Miami,FL,United States,41000,0.000142541
NYQ,MHK,"Mohawk Industries, Inc.","Mohawk Industries, Inc.",Consumer Cyclical,"Furnishings, Fixtures & Appliances",111.5,7120735744,1425073024,-0.045,Calhoun,GA,United States,43300,0.000139407
NYQ,FMC,FMC Corporation,FMC Corporation,Basic Materials,Agricultural Inputs,55.54,6932391936,662400000,-0.317,Philadelphia,PA,United States,6200,0.000135719
NMS,ETSY,"Etsy, Inc.","Etsy, Inc.",Consumer Cyclical,Internet Retail,57.67,6743525888,426296992,0.008,Brooklyn,NY,United States,2420,0.000132022
NMS,PARA,Paramount Global,Paramount Global,Communication Services,Entertainment,9.61,6706462720,2715000064,0.058,New York,NY,United States,21900,0.000131296
NYQ,RHI,Robert Half Inc.,Robert Half Inc.,Industrials,Staffing & Employment Services,63.82,6696823808,422801984,-0.14,Menlo Park,CA,United States,15000,0.000131108
NYQ,IVZ,Invesco Ltd,Invesco Ltd.,Financial Services,Asset Management,14.78,6648502272,998800000,0.04,Atlanta,GA,United States,8527,0.000130162
NYQ,CMA,Comerica Incorporated,Comerica Incorporated,Financial Services,Banks - Regional,47.14,6250150912,,-0.198,Dallas,TX,United States,7619,0.000122363
